chinese_name,english_names,english_descriptions,chinese_spans,csi_category_1,csi_category_2,csi_category_3,csi_category_4,csi_category_5,csi_spans_1,csi_spans_2,csi_spans_3,csi_spans_4,csi_spans_5,csi_consensus_spans,csi_category_stage_2,chinese_spans_list
豉椒蒸,['black bean sauce'],[''],豉椒 蒸,0,0,0,0,0,[],[],[],[],[],[],0,"['豉椒', '蒸']"
麻辣肚丝,['shredded spicy pork tripe'],[''],麻辣 肚丝,0,0,0,0,0,[],[],[],[],[],[],0,"['麻辣', '肚丝']"
栗米豆腐羹,['sweet corn and ofu soup'],['contains egg'],栗米 豆腐 羹,0,0,0,0,0,[],[],[],[],[],[],0,"['栗米', '豆腐', '羹']"
酱油肉丝炒饭,['stir-fried rice with shredded pork in soy sauce'],[''],酱油 肉丝 炒饭,0,0,0,0,0,[],[],[],[],[],[],0,"['酱油', '肉丝', '炒饭']"
碳烧鳗鱼,['bbq eel'],[''],碳烧 鳗鱼,0,0,0,0,0,[],[],[],[],[],[],0,"['碳烧', '鳗鱼']"
椒盐猪扒饭,['salt pepper pork chops'],[''],椒盐 猪扒 饭,0,0,0,0,0,[],[],[],[],[],[],0,"['椒盐', '猪扒', '饭']"
田园炒饭,['garden spring fried rice'],[''],田园 炒饭,0,0,0,0,0,[],[],[],[],[],[],0,"['田园', '炒饭']"
杂菜炒饭,"['mixed vegetable fried rice egg fried', 'vegetable fried rice']","['', 'Rice or Boiled Rice']",杂菜 炒饭,0,0,0,0,0,[],[],[],[],[],[],0,"['杂菜', '炒饭']"
鲜虾韭菜饺,['king prawn and chive leaf dumplings'],[''],鲜虾 韭菜 饺,0,0,0,0,0,[],[],[],[],[],[],0,"['鲜虾', '韭菜', '饺']"
咖喱牛肉饭,['rice topped with curry beef'],[''],咖喱 牛肉 饭,0,0,0,0,0,[],[],[],[],[],[],0,"['咖喱', '牛肉', '饭']"
清蒸甲鱼,['steamed turtle '],[''],清蒸 甲鱼,0,0,0,0,0,[],[],[],[],[],[],0,"['清蒸', '甲鱼']"
酸辣粉,['hot and sour rice noodles'],[''],酸辣 酸辣粉,0,0,0,0,0,[],[],[],[],[],[],0,"['酸辣', '酸辣粉']"
冬菇扒豆腐,['braised chinese mushroom with tofu'],[''],冬菇 扒 豆腐,0,0,0,0,0,[],[],[],[],[],[],0,"['冬菇', '扒', '豆腐']"
牛肉炖土豆,['stewed beef with potatoes'],[''],牛肉 炖 土豆,0,0,0,0,0,[],[],[],[],[],[],0,"['牛肉', '炖', '土豆']"
清汤蟹肉,['crab meat in clear stock'],[''],清汤 蟹肉,0,0,0,0,0,[],[],[],[],[],[],0,"['清汤', '蟹肉']"
香辣油泼面,['aromatic chili oil noodles'],[''],香辣 油泼面,0,0,0,0,0,[],[],[],[],[],[],0,"['香辣', '油泼面']"
酱肉包,['baozi stuffed with braised pork in sauce '],[''],酱肉 包,0,0,0,0,0,[],[],[],[],[],[],0,"['酱肉', '包']"
烤红薯,['roast sweet potato'],[''],烤红 红薯 烤红薯,0,0,0,0,0,[],[],[],[],[],[],0,"['烤红', '红薯', '烤红薯']"
牛肉炒面,"['beef chow mein', 'beef fried noodle', 'stir fried egg noodle with beef']","['', '', '']",牛肉 炒面,0,0,0,0,0,[],[],[],[],[],[],0,"['牛肉', '炒面']"
煎蛋卷,['omelets'],[''],煎蛋 蛋卷 煎蛋卷,0,0,0,0,0,[],[],[],[],[],[],0,"['煎蛋', '蛋卷', '煎蛋卷']"
双椒木耳,['smashed cucumber v vg'],[''],双椒 木耳,0,0,0,0,0,[],[],[],[],[],[],0,"['双椒', '木耳']"
黑椒羊肉,['sliced lamb in black pepper sauce'],[''],黑椒 羊肉,0,0,0,0,0,[],[],[],[],[],[],0,"['黑椒', '羊肉']"
红烧牛腩米粉,['rice noodles with braised beef brisket'],[''],红烧 牛腩 米粉,0,0,0,0,0,[],[],[],[],[],[],0,"['红烧', '牛腩', '米粉']"
铁板串烧牛肉,['beef kebabs served on sizzling iron plate '],[''],铁板 串烧 牛肉,0,0,0,0,0,[],[],[],[],[],[],0,"['铁板', '串烧', '牛肉']"
白菜猪骨汤,['chinese leaf pork ribs soup'],[''],白菜 猪骨 汤,0,0,0,0,0,[],[],[],[],[],[],0,"['白菜', '猪骨', '汤']"
黑椒牛肉,"['beef in black pepper sauce', 'beef with black pepper sauce']","['', '']",黑椒 牛肉,0,0,0,0,0,[],[],[],[],[],[],0,"['黑椒', '牛肉']"
上汤鸡毛菜,['braised green vegetable in broth'],[''],上 汤 鸡毛 菜,0,0,0,0,0,[],[],[],[],[],[],0,"['上', '汤', '鸡毛', '菜']"
炸虾三文治卷,['Deep fried shrimp sandwich roll'],['Bánh mì sandwich cuộn tôm chiên'],炸虾 三文 文治 三文治 卷,0,0,0,0,0,[],[],[],[],[],[],0,"['炸虾', '三文', '文治', '三文治', '卷']"
蔬菜海鲜汤,['seafood and vegetable soup'],[''],蔬菜 海鲜 汤,0,0,0,0,0,[],[],[],[],[],[],0,"['蔬菜', '海鲜', '汤']"
蟹肉粟米汤,['crab meat and sweetcorn soup'],[''],蟹肉 粟米 汤,0,0,0,0,0,[],[],[],[],[],[],0,"['蟹肉', '粟米', '汤']"
香辣牛肉,['sauteed beef with chili sauce'],[''],香辣 牛肉,0,0,0,0,0,[],[],[],[],[],[],0,"['香辣', '牛肉']"
炒韭菜香干豆腐,['stir fried beancurd slices with chinese chives'],[''],韭菜 香干 豆腐 炒物,0,0,0,0,0,[],[],[],[],[],[],0,"['韭菜', '香干', '豆腐', '炒物']"
虾酱豆腐,['Braised Bean Curd with Shrimp Sauce'],[''],虾 豆腐 酱豆腐,0,0,0,0,0,[],[],[],[],[],[],0,"['虾', '豆腐', '酱豆腐']"
辣味虾烧麦,['spicy prawn shaomai'],[''],辣味 虾 烧麦,0,0,0,0,0,[],[],[],[],[],[],0,"['辣味', '虾', '烧麦']"
竹荪银耳汤,['bamboo fungus and white fungus soup'],[''],竹荪 银耳 银耳汤,0,0,0,0,0,[],[],[],[],[],[],0,"['竹荪', '银耳', '银耳汤']"
辣大虾炒饭,['spicy king prawns egg fried rice'],[''],辣 大虾 炒饭,0,0,0,0,0,[],[],[],[],[],[],0,"['辣', '大虾', '炒饭']"
酥炸芝麻鸡饼,deep fried chicken and sesame cakes,[],酥炸 芝麻鸡 饼,0,0,0,0,0,[],[],[],[],[],芝麻 鸡 酥炸,0,"['酥炸', '芝麻鸡', '饼', '酥炸芝麻鸡饼']"
青豌豆肉丁,['sauteed diced pork with green peas'],[''],青 豌豆 肉丁,0,0,0,0,0,[],[],[],[],[],[],0,"['青', '豌豆', '肉丁']"
酸汤羊肉,['Stewed Mutton in Sour Soup'],[''],酸 汤 羊肉,0,0,0,0,0,[],[],[],[],[],[],0,"['酸', '汤', '羊肉']"
葱爆羊肉饭,['quick stir fried lamb with leek'],[''],葱爆 羊肉 饭,0,0,0,0,0,[],[],[],[],[],[],0,"['葱爆', '羊肉', '饭']"
蔬菜面,['noodles with vegetables'],[''],蔬菜 面,0,0,0,0,0,[],[],[],[],[],[],0,"['蔬菜', '面']"
麻辣鸡块,['deep fried chicken in mustard'],[''],麻辣 鸡块,0,0,0,0,0,[],[],[],[],[],[],0,"['麻辣', '鸡块']"
咖喱肉,['curry pork'],[''],咖喱 肉,0,0,0,0,0,[],[],[],[],[],[],0,"['咖喱', '肉']"
红烧鲈鱼,['seabass with seasonal vegetables'],[''],红烧 鲈鱼,0,0,0,0,0,[],[],[],[],[],[],0,"['红烧', '鲈鱼']"
炒面,['egg noodles chow mein'],[''],炒面,0,0,0,0,0,[],[],[],[],[],[],0,['炒面']
红烧蹄筋,['Braised Tendon'],[''],红烧 蹄筋,0,0,0,0,0,[],[],[],[],[],[],0,"['红烧', '蹄筋']"
黑蒜海鲜粒炒饭,"['egg fried rice with shrimps and diced roast duck', 'diced lobster fried rice with salted duck egg']","['', '']",黑蒜 海鲜 粒 炒饭,0,0,0,0,0,[],[],[],[],[],[],0,"['黑蒜', '海鲜', '粒', '炒饭']"
虾仁豆腐汤,['soup'],[''],虾仁 豆腐 豆腐汤,0,0,0,0,0,[],[],[],[],[],[],0,"['虾仁', '豆腐', '豆腐汤']"
咖喱软壳蟹,['curry soft shell crab'],[''],咖喱 软壳 蟹,0,0,0,0,0,[],[],[],[],[],[],0,"['咖喱', '软壳', '蟹']"
清汤鱼圆,['Fish Ball in Light Soup'],[''],清汤 鱼圆,0,0,0,0,0,[],[],[],[],[],[],0,"['清汤', '鱼圆']"
酸辣小海蟹,['velvet crab with preserved vegetable and chilli'],[''],酸辣 小 海蟹,0,0,0,0,0,[],[],[],[],[],[],0,"['酸辣', '小', '海蟹']"
火锅套餐,['hot pot set menu'],[''],火锅 套餐,0,0,0,0,0,[],[],[],[],[],[],0,"['火锅', '套餐']"
风味猪肝,['special cooked pig liver'],[''],风味 猪肝,0,0,0,0,0,[],[],[],[],[],[],0,"['风味', '猪肝']"
酸菜炒饭,['egg fried rice with preserved mustard greens'],[''],酸菜 炒饭,0,0,0,0,0,[],[],[],[],[],[],0,"['酸菜', '炒饭']"
四季豆肉碎炒四川酱,"['Wok fried French beans with minced pork with Sichuan sauce', 'Wok fried French beans with minced pork in Sichuan sauce']","['Đậu que xào thịt bằm sốt Tứ Xuyên', '']",四季 四季豆 肉碎 炒 四川 酱,0,0,0,0,0,[],[],[],[],[],[],0,"['四季', '四季豆', '肉碎', '炒', '四川', '酱']"
什菇干贝鱼胶汤,['Dried scallop and mushroom soup with feather back fish'],['Canh sò điệp khô và cá thác lác'],什菇 干贝 鱼胶 汤,0,0,0,0,0,[],[],[],[],[],[],0,"['什菇', '干贝', '鱼胶', '汤']"
红烧芋头,['braised taro in chillicothe and garlic'],[''],红烧 芋头,0,0,0,0,0,[],[],[],[],[],[],0,"['红烧', '芋头']"
香油苦瓜,['marinated bitter melon with sesame oil'],[''],香油 苦瓜,0,0,0,0,0,[],[],[],[],[],[],0,"['香油', '苦瓜']"
煎蛋,"['omelet', 'crispy fried egg']","['', '']",煎蛋,0,0,0,0,0,[],[],[],[],[],[],0,['煎蛋']
虾球汤面,['king prawn noodle in soup'],[''],虾球 汤面,0,0,0,0,0,[],[],[],[],[],[],0,"['虾球', '汤面']"
枸杞凉瓜,['bitter melon with chinese wolfberry'],[''],枸杞 凉瓜,0,0,0,0,0,[],[],[],[],[],[],0,"['枸杞', '凉瓜']"
白饭,"['boiled rice', 'steamed rice']","['', '']",白饭,0,0,0,0,0,[],[],[],[],[],[],0,['白饭']
柠檬煎软鸡,['fried breast of chicken in lemon sauce'],[''],柠檬 煎 软鸡,0,0,0,0,0,[],[],[],[],[],[],0,"['柠檬', '煎', '软鸡']"
香辣豆皮,['spicy dry beancurd'],[''],香辣 豆皮,0,0,0,0,0,[],[],[],[],[],[],0,"['香辣', '豆皮']"
五花肉干锅花菜,['griddle cooked cauliflower in chilli sauce with or without sliced pork belly'],"['Cauliflower, Chilli, Pork Belly']",五花 五花肉 干锅 花菜,0,0,0,0,0,[],[],[],[],[],[],0,"['五花', '五花肉', '干锅', '花菜']"
肉丝上汤面,['noodle soup with shredded pork'],[''],肉丝 上 汤面,0,0,0,0,0,[],[],[],[],[],[],0,"['肉丝', '上', '汤面']"
海鲜汤面,"['toasted noodles with mixed seafood in xo sauce', 'noodle soup with seafood']","['', '']",海鲜 汤面,0,0,0,0,0,[],[],[],[],[],[],0,"['海鲜', '汤面']"
时菜鱿鱼,['stir-fried squid with seasonal vegetable'],[''],时 菜 鱿鱼,0,0,0,0,0,[],[],[],[],[],[],0,"['时', '菜', '鱿鱼']"
罐焖牛肉,"['Pot Roast Beef', 'stewed beef in casserole ']","['', '']",罐 牛肉 焖牛肉,0,0,0,0,0,[],[],[],[],[],[],0,"['罐', '牛肉', '焖牛肉']"
拍蒜炒白菜,['pak choi with garlic'],['(v)'],拍蒜 炒 白菜,0,0,0,0,0,[],[],[],[],[],[],0,"['拍蒜', '炒', '白菜']"
酱莲藕炒海鲜,['stir fried seafood and lotus root in xo sauce'],[''],酱 莲藕 炒 海鲜,0,0,0,0,0,[],[],[],[],[],[],0,"['酱', '莲藕', '炒', '海鲜']"
萝卜丝鲫鱼汤,['crucian carp and shredded turnip soup'],[''],萝卜 萝卜丝 鲫鱼 鱼汤 鲫鱼汤,0,0,0,0,0,[],[],[],[],[],[],0,"['萝卜', '萝卜丝', '鲫鱼', '鱼汤', '鲫鱼汤']"
圣女果,['cherry tomatoes'],[''],圣女 果,0,0,0,0,0,[],[],[],[],[],[],0,"['圣女', '果']"
马拉豉油皇老虎虾,['malaysian tiger prawns with shell in soya sauce pieces'],[''],马拉 豉 油皇 老虎 虾,0,0,0,0,0,[],[],[],[],[],[],0,"['马拉', '豉', '油皇', '老虎', '虾']"
面类北京小食,['noodle and peking style snack'],[''],面类 北京 小食,0,0,0,0,0,[],[],[],[],[],[],0,"['面类', '北京', '小食']"
红烧牛腩面,"['braised beef brisket with noodles in soup', 'noodles with braised beef brisket ', 'braised beef brisket noodles']","['', 'Beef Brisket, Noodles, Vegetables', '']",红烧 牛腩 面,0,0,0,0,0,[],[],[],[],[],[],0,"['红烧', '牛腩', '面']"
和牛粒炒饭,"[""chef's special whole abalone rice""]",['A5'],和牛 粒 炒饭,0,0,0,0,0,[],[],[],[],[],[],0,"['和牛', '粒', '炒饭']"
芝麻炸多春鱼,['fried shisamo with sesame'],[''],芝麻 炸多春鱼,0,0,0,0,0,[],[],[],[],[],[],0,"['芝麻', '炸多春鱼']"
油焖香菇,['braised black mushrooms'],[''],油焖 香菇,0,0,0,0,0,[],[],[],[],[],[],0,"['油焖', '香菇']"
清蒸鲈鱼片,['fresh seabass fillet'],['Steamed with ginger and spring onion'],清蒸 鲈鱼 片,0,0,0,0,0,[],[],[],[],[],[],0,"['清蒸', '鲈鱼', '片']"
砂锅玉米炖排骨,['stewed spare ribs & sweet corn on the cob soup in casserole'],['Spare Ribs & Sweet Corn (on the Cob)'],砂锅 玉米 排骨 炖排骨,0,0,0,0,0,[],[],[],[],[],[],0,"['砂锅', '玉米', '排骨', '炖排骨']"
豆腐肉碎炒饭,['minced pork & beancurd fried rice'],"['Pork, Beancurd, Egg, Rice, Spring Onion']",豆腐 肉碎 炒饭,0,0,0,0,0,[],[],[],[],[],[],0,"['豆腐', '肉碎', '炒饭']"
青椒鸭丁,['sauteed diced duck with green pepper'],[''],青椒 鸭丁,0,0,0,0,0,[],[],[],[],[],[],0,"['青椒', '鸭丁']"
腰豆西芹炒鱼松,['sauteed minced fish with celery and kidney beans'],[''],腰豆 西芹 炒 鱼松,0,0,0,0,0,[],[],[],[],[],[],0,"['腰豆', '西芹', '炒', '鱼松']"
虾仁炒饭,['stir-fried rice with shrimp'],[''],虾仁 炒饭,0,0,0,0,0,[],[],[],[],[],[],0,"['虾仁', '炒饭']"
炸馒头,"['deep-fried mantou', 'Fried sweet bun']","['', '']",炸 馒头,0,0,0,0,0,[],[],[],[],[],[],0,"['炸', '馒头']"
海鲜炒面,['mixed seafood fried noodle'],[''],海鲜 炒面,0,0,0,0,0,[],[],[],[],[],[],0,"['海鲜', '炒面']"
红烧石歧项鸽,Braised Pigeon in Soy Sauce,,红烧 石歧 项鸽,0,0,0,0,0,['石歧项鸽'],"['红烧', '石歧', '项鸽']",['红烧石歧项鸽'],['红烧石歧项鸽'],['石岐项鸽'],红烧石歧项鸽,0,"['红烧', '石歧', '项鸽', '红烧石歧项鸽']"
麻辣土豆丝,['sliced spicy potato'],[''],麻辣 土豆 豆丝 土豆丝,0,0,0,0,0,[],[],[],[],[],[],0,"['麻辣', '土豆', '豆丝', '土豆丝']"
红焖羊排,['braised lamb chops with soy sauce'],[''],红焖 羊排,0,0,0,0,0,[],[],[],[],[],[],0,"['红焖', '羊排']"
干烧鲈鱼,"['dry brised sea bass', 'dry braised sea bass']","['', '']",干烧 鲈鱼,0,0,0,0,0,[],[],[],[],[],[],0,"['干烧', '鲈鱼']"
斋酸辣汤或斋粟米汤,['vegetarian hot and sour soup or vegetarian sweet corn soup'],[''],斋 酸辣 酸辣汤 或 斋 粟米 汤,0,0,0,0,0,[],[],[],[],[],[],0,"['斋', '酸辣', '酸辣汤', '或', '斋', '粟米', '汤']"
白汁拆烩鲢鱼头,['stewed silver carp head in cream sauce'],[''],白汁 拆 烩 鲢鱼 头,0,0,0,0,0,[],[],[],[],[],[],0,"['白汁', '拆', '烩', '鲢鱼', '头']"
麻辣凉拌鸡腿肉,['chicken thighs in garlic sauce'],['in spicy chilli and Sichuan peppercorns'],麻辣 凉拌 鸡腿 腿肉 鸡腿肉,0,0,0,0,0,[],[],[],[],[],[],0,"['麻辣', '凉拌', '鸡腿', '腿肉', '鸡腿肉']"
西式酸辣汤或鸡肉粟米羹,['hot and sour soup or chicken sweet corn soup'],[''],西式 酸辣 酸辣汤 或 鸡肉 粟米 羹,0,0,0,0,0,[],[],[],[],[],[],0,"['西式', '酸辣', '酸辣汤', '或', '鸡肉', '粟米', '羹']"
蟹米汤,['crab sweetcorn soup'],[''],蟹 米汤,0,0,0,0,0,[],[],[],[],[],[],0,"['蟹', '米汤']"
酸菜土豆炒饭,['egg fried rice with pickled vegetable and potato'],[''],酸菜 土豆 炒饭,0,0,0,0,0,[],[],[],[],[],[],0,"['酸菜', '土豆', '炒饭']"
串鸡,['chicken satay on skewer n'],[''],串鸡,0,0,0,0,0,[],[],[],[],[],[],0,['串鸡']
粟米鸡汤,['chicken sweetcorn soup'],[''],粟米 鸡汤,0,0,0,0,0,[],[],[],[],[],[],0,"['粟米', '鸡汤']"
特色鸡汤米线,['house special chicken soup with rice noodle'],[''],特色 鸡汤 米线,0,0,0,0,0,[],[],[],[],[],[],0,"['特色', '鸡汤', '米线']"
红烧牛肉面,['red braised beef noodles in soup'],['Red braised beef with deep mellow flavours;Served with shiitake mushrooms and noodles in soup'],红烧 牛肉 牛肉面,0,0,0,0,0,[],[],[],[],[],[],0,"['红烧', '牛肉', '牛肉面']"
花蛤白蛤豉汁炒姜葱,['stir fried clams surf clams with black bean sauce ginger and spring onion'],['Spicy Chilli Sauce In Spicy Beer Sauce Blanched with Soy Sauce'],花蛤白 蛤 豉汁 炒 姜葱 辣 炒 啤酒 凉拌,0,0,0,0,0,[],[],[],[],[],[],0,"['花蛤白', '蛤', '豉汁', '炒', '姜葱', '辣', '炒', '啤酒', '凉拌']"
日式鸡肉炒面,['chicken yakisoba'],[''],日式 鸡肉 炒面,0,0,0,0,0,[],[],[],[],[],[],0,"['日式', '鸡肉', '炒面']"
豉椒蒸带子,['steamed scallop in shell in black bean sauce'],[''],豉椒 蒸 带子,0,0,0,0,0,[],[],[],[],[],[],0,"['豉椒', '蒸', '带子']"
西红柿鸡蛋汤,['egg and tomato soup large'],[''],西红柿 鸡蛋 汤,0,0,0,0,0,[],[],[],[],[],[],0,"['西红柿', '鸡蛋', '汤']"
咖喱鸡,['chicken curry'],[''],咖喱 咖喱鸡,0,0,0,0,0,[],[],[],[],[],[],0,"['咖喱', '咖喱鸡']"
炒大蛤,['sauteed fresh clams'],[''],炒大蛤,0,0,0,0,0,[],[],[],[],[],[],0,['炒大蛤']
酸菜牛肉面,['pickled cabbage and beef noodles'],[''],酸菜 牛肉 牛肉面,0,0,0,0,0,[],[],[],[],[],[],0,"['酸菜', '牛肉', '牛肉面']"
泰式炸鱼饼,['thai fish cakes'],[''],泰式 炸鱼 饼,0,0,0,0,0,[],[],[],[],[],[],0,"['泰式', '炸鱼', '饼']"
小鱼苋菜,['boiled amaranth with silver fish'],[''],小鱼 苋菜,0,0,0,0,0,[],[],[],[],[],[],0,"['小鱼', '苋菜']"
咖喱牛腩汤面,['curry beef brisket noodle soup'],[''],咖喱 牛腩 汤面,0,0,0,0,0,[],[],[],[],[],[],0,"['咖喱', '牛腩', '汤面']"
甜酸杂菜,['sweet and sour mixed vegetable hong kong style'],[''],甜酸 杂菜,0,0,0,0,0,[],[],[],[],[],[],0,"['甜酸', '杂菜']"
芥末虾球,"['sauteed prawn topped with wasabi', 'mini sesame prawn toast']","['', '']",芥末 虾球,0,0,0,0,0,[],[],[],[],[],[],0,"['芥末', '虾球']"
斋咖喱角,['vegetarian crispy curried samosa'],[''],斋 咖喱 角,0,0,0,0,0,[],[],[],[],[],[],0,"['斋', '咖喱', '角']"
大蒜羊仔片,['sauteed lamb slices with garlic'],[''],大蒜 羊仔片,0,0,0,0,0,[],[],[],[],[],[],0,"['大蒜', '羊仔片']"
红烧肘子,['Braised Pork Leg'],[''],红烧 肘子,0,0,0,0,0,[],[],[],[],[],[],0,"['红烧', '肘子']"
香辣八爪鱼,"['marinated spicy baby octopus', 'thai style chicken claws']","['', 'C']",香辣 八爪 鱼,0,0,0,0,0,[],[],[],[],[],[],0,"['香辣', '八爪', '鱼']"
招牌炒面,['special chow mein'],[''],招牌 炒面,0,0,0,0,0,[],[],[],[],[],[],0,"['招牌', '炒面']"
丝瓜云耳炒带子,['stir fried scallops with luffa and black fungus'],[''],丝瓜 云耳 炒 带子,0,0,0,0,0,[],[],[],[],[],[],0,"['丝瓜', '云耳', '炒', '带子']"
西式炸鸡柳丝,['crispy shredded chicken with cantonese sauce'],"['Chicken, Cantonese Sauce, Green & Red Pepper']",西式 炸鸡 柳丝,0,0,0,0,0,[],[],[],[],[],[],0,"['西式', '炸鸡', '柳丝']"
白玉鸡脯,Silken Chicken Mince with Pea Shoots,,白玉鸡脯,2,2,2,2,2,['白玉鸡脯'],['白玉'],['白玉鸡脯'],['白玉鸡脯'],['白玉鸡脯'],白玉鸡脯,2,['白玉鸡脯']
仿膳饽饽,Fangshan Cake,,仿膳饽饽,3,3,2,2,2,['仿膳饽饽'],['仿膳饽饽'],['仿膳饽饽'],['仿膳饽饽'],['饽饽'],仿膳饽饽,2,['仿膳饽饽']
东坡方肉,dongpo cubed pork,[],东坡 方肉,2,2,2,2,2,['东坡方肉'],"['东坡', '方肉']",['东坡放肉'],['东坡'],['东坡方肉'],东坡方肉 东坡,2,"['东坡', '方肉', '东坡方肉']"
老店烧鸭,laodian roast duck,[],老店 烧鸭,2,2,2,2,1,['老店烧鸭'],['老店'],['老店烧鸭'],['老店'],['老店烧鸭'],老店烧鸭,2,"['老店', '烧鸭', '老店烧鸭']"
荷塘小炒,"stir-fried tofu, straw mushroom, red pepper, baby corn & black fungus; Sauteed Lotus Root with Snow Pea and Cashews","['Tofu, Straw Mushroom, Red Pepper, Baby Corn & Black Fungus']",荷塘 小炒,2,2,2,2,1,['荷塘小炒'],['荷塘小炒'],['荷塘小炒'],['荷塘'],['荷塘小炒'],荷塘小炒,2,"['荷塘', '小炒', '荷塘小炒']"
美极掌中宝,sauteed chicken feet with maggi sauce,[],美极 掌中 掌中宝,3,3,2,2,2,['美极掌中宝'],['美极掌中宝'],"['美极', '掌中宝']","['美极', '掌中宝']",['掌中宝'],掌中宝,2,"['美极', '掌中', '掌中宝', '美极掌中宝']"
馋嘴蛙,Sautéed Bullfrog in Chili Sauce,,馋嘴 蛙,2,2,2,3,2,['馋嘴蛙'],"['馋嘴', '蛙']",['馋嘴蛙'],['馋嘴蛙'],['馋嘴蛙'],馋嘴蛙,2,"['馋嘴', '蛙', '馋嘴蛙']"
贵妃鸡,chicken wings & legs braised in brown sauce,[],贵妃鸡,2,2,2,2,2,['贵妃鸡'],['贵妃'],['贵妃鸡'],['贵妃'],['贵妃鸡'],贵妃鸡,2,['贵妃鸡']
酒醉排骨,spare ribs in wine sauce,[],酒醉 排骨,2,1,1,2,2,['酒醉排骨'],['酒醉'],['酒醉排骨'],['酒醉'],[],酒醉排骨 酒醉,2,"['酒醉', '排骨', '酒醉排骨']"
地狱鱿鱼,Crazy Spicy Squid,,地狱鱿鱼,2,2,2,1,0,['地狱鱿鱼'],['地狱'],['地狱鱿鱼'],['地狱鱿鱼'],[],地狱鱿鱼,2,['地狱鱿鱼']
水煮红斑片,Boiled Sliced Red Grouper Fillet with Szechwan Pepper Sauce,,水煮 红斑 片,2,2,2,0,2,['水煮红斑'],"['水煮', '红斑']",['水煮红斑片'],[],['水煮红斑片'],水煮红斑片,2,"['水煮', '红斑', '片', '水煮红斑片']"
宋嫂鱼羹,song so's fish soup,['A comforting soup of fresh seabass and shiitake mushrooms This soup dates back to the Southern Song Dynasty made famous by the Song Emperor Zhao who came across it during his travels contains egg'],宋嫂鱼羹,3,1,2,2,2,['宋嫂鱼羹'],['宋嫂'],['宋嫂鱼羹'],['宋嫂'],['宋嫂鱼羹'],宋嫂鱼羹,2,['宋嫂鱼羹']
三皮丝,"Stir-fried Shredded Pig Skin, Chicken, and Jellyfish",,三皮丝,2,2,2,3,1,['三皮丝'],['三皮丝'],['三皮丝'],['三皮丝'],['三皮丝'],三皮丝,2,['三皮丝']
如意鳗卷,fried eel rolls,[],如意 鳗卷,2,2,2,2,2,['如意鳗卷'],['如意鳗卷'],['如意'],"['如意', '鳗卷']",['如意鳗卷'],如意鳗卷,2,"['如意', '鳗卷', '如意鳗卷']"
全蝎望京鸭,Fried Duck Meat with Scorpions,,全蝎 望京 鸭,3,2,2,2,2,['望京鸭'],"['全蝎', '望京']",['全蝎望京鸭'],"['全蝎', '望京', '鸭']",['望京鸭'],望京鸭 全蝎 望京,2,"['全蝎', '望京', '鸭', '全蝎望京鸭']"
琥珀花生,honeyed peanuts,[],琥珀 花生,2,2,2,2,2,['琥珀花生'],[],['湖泊花生'],['琥珀'],['琥珀花生'],琥珀花生,2,"['琥珀', '花生', '琥珀花生']"
三杯鸡,"stewed chicken with three cups sauce salt, sugar, rice wine; stewed chicken with ginger and wine in casserole","['Chicken, Three Cups Sauce']; []",三杯 鸡,2,2,2,2,2,['三杯鸡'],['三杯'],['三杯鸡'],['三杯'],['三杯鸡'],三杯鸡,2,"['三杯', '鸡', '三杯鸡']"
脆皮鸳鸯鸭,crispy duck prepared and served in two styles,[],脆皮 鸳鸯 鸭,2,2,2,2,1,['鸳鸯鸭'],"['脆皮', '鸳鸯']",['鸳鸯鸭'],['鸳鸯'],['鸳鸯鸭'],鸳鸯鸭,2,"['脆皮', '鸳鸯', '鸭', '脆皮鸳鸯鸭']"
潮州图水鸭,chiu chow marinade duck with preserved cabba alf,[],潮州 图 水鸭,2,2,2,2,1,['图水鸭'],"['潮州', '图']",['潮州图水鸭'],"['潮州', '图', '水鸭']",['图水鸭'],图水鸭 潮州 图,2,"['潮州', '图', '水鸭', '潮州图水鸭']"
雪白甜豆玉兰心,water chest nut sugar snap and broccoli,[],雪白 甜豆 玉兰 心,2,2,1,2,2,['玉兰心'],"['玉兰', '雪白甜豆玉兰心']","['雪白', '甜豆']","['甜豆', '玉兰心']",[],玉兰心 甜豆,2,"['雪白', '甜豆', '玉兰', '心', '雪白甜豆玉兰心']"
飘香沸腾鱼水煮鱼,drifting fragrant sea bass in sizzling chilli oil,"['Introducing a modern twist to a Sichuan classic boiled fish dish.', 'Sliced fish in sizzling chilli oil garnished with a pile of chillies A combination of Ma La hot spicy flavour of chilli and numbing sensation of Sichuan peppers']",飘香 沸腾 鱼 水煮鱼,2,2,2,1,2,['水煮鱼'],"['飘香', '沸腾', '水煮']",['沸腾水煮鱼'],['沸腾'],['水煮鱼'],水煮鱼 沸腾,2,"['飘香', '沸腾', '鱼', '水煮鱼', '飘香沸腾鱼水煮鱼']"
东风螺片辣炒老干妈炒酱,stir fried sliced whelks in spicy chilli oil in big grandma's chilli sauce,[],东风 螺片 辣 炒 干妈 老干妈 炒酱,1,3,2,2,2,"['老干妈', '东风']","['东风', '螺片', '辣', '炒', '干妈', '老干妈', '炒酱']","['东风螺', '老干妈']",['东风螺片辣炒老干妈炒酱'],['老干妈'],老干妈,2,"['东风', '螺片', '辣', '炒', '干妈', '老干妈', '炒酱', '东风螺片辣炒老干妈炒酱']"
天湖养生锅,nutrition hotpot,[],天湖 养生 锅,2,2,2,2,2,['天湖养生锅'],['天湖养生锅'],['天湖养生锅'],"['天湖', '养生锅']",['天湖养生锅'],天湖养生锅,2,"['天湖', '养生', '锅', '天湖养生锅']"
豆花,soybean pudding; Tofu Pudding,,豆花,2,2,2,2,2,['豆花'],['豆花'],['豆花'],['豆花'],['豆花'],豆花,2,['豆花']
飘香沸腾鱼,pickled mustards greens and chilli,"['Light pieces of white fish served with picked mustard', 'greens in a refreshing spicy sour broth with vermicelli', 'Drifting Fragrant Sea Bass in']",飘香 沸腾 鱼,2,2,2,0,1,['沸腾鱼'],"['飘香', '沸腾']",['沸腾鱼'],[],['沸腾鱼'],沸腾鱼,2,"['飘香', '沸腾', '鱼', '飘香沸腾鱼']"
七彩海皇豆腐羹,rainbow seafood and tofu soup,[],七彩 海皇 豆腐 羹,2,2,2,2,1,['七彩海皇'],"['七彩', '海皇']","['七彩', '海皇']","['七彩', '海皇']",['海皇'],海皇,2,"['七彩', '海皇', '豆腐', '羹', '七彩海皇豆腐羹']"
过桥肥牛汤米线,vermicelli soup with beef,[],过桥 肥牛 汤 米线,1,1,2,2,2,['过桥'],"['过桥', '肥牛']",['过桥米线'],['过桥'],['过桥米线'],过桥,2,"['过桥', '肥牛', '汤', '米线', '过桥肥牛汤米线']"
腊肉炒香干,sauteed preserved pork with dried tofu slices,[],腊肉 炒 香干,2,2,1,2,0,['香干'],"['腊肉', '香干']",['香干'],"['腊肉', '香干']",[],香干,2,"['腊肉', '炒', '香干', '腊肉炒香干']"
金银馒头,steamed and deep fried buns,['V Vegetarian VG Vegan on request Spicy'],金银 馒头,2,1,2,2,2,['金银馒头'],['金银'],['金银馒头'],['金银馒头'],['金银馒头'],金银馒头,2,"['金银', '馒头', '金银馒头']"
水晶鸭舌,duck tongue aspic,[],水晶 鸭舌,2,2,2,2,2,['水晶鸭舌'],[],['水晶'],['水晶'],[],水晶,2,"['水晶', '鸭舌', '水晶鸭舌']"
东坡肘子,Braised Dongpo Pork Leg with Brown Sauce; dongpo pig knuckle,[],东坡 肘子,1,3,2,2,2,['东坡'],"['东坡', '肘子']",['东坡肘子'],['东坡'],['东坡肘子'],东坡,2,"['东坡', '肘子', '东坡肘子']"
鱼香茄子,yu xian style braised aubergine with pork mince; spicy aubergine in hot and garlic sauce; aubergines yuxiang style; sauteed egglant with spicy garlic sauce; Yu-Shiang Eggplant; braised aubergine,[],鱼香 茄子 鱼香茄子,2,2,2,1,1,['鱼香茄子'],['鱼香'],['鱼香茄子'],['鱼香'],[],鱼香茄子 鱼香,2,"['鱼香', '茄子', '鱼香茄子']"
银丝卷,steamed rolls,[],银丝 银丝卷,2,3,1,2,2,['银丝卷'],['银丝卷'],['银丝卷'],['银丝卷'],['银丝卷'],银丝卷,2,"['银丝', '银丝卷']"
煎酿三宝,grilled stuffed beancurd green pepper and aubergine,['with prawn paste'],煎酿 三宝,3,2,2,2,1,['三宝'],"['煎酿', '三宝']",['三宝'],['三宝'],['三宝'],三宝,2,"['煎酿', '三宝', '煎酿三宝']"
口水鸡,Steamed Chicken with Chili Sauce,,口水 水鸡 口水鸡,2,1,2,3,2,['口水鸡'],"['口水', '水鸡', '口水鸡']",['口水鸡'],['口水鸡'],['口水鸡'],口水鸡,2,"['口水', '水鸡', '口水鸡']"
水果醪糟,fermented glutinous rice soup with fruits,[],水果 醪糟,3,2,1,2,2,['醪糟'],['醪糟'],['醪糟'],['醪糟'],['醪糟'],醪糟,2,"['水果', '醪糟', '水果醪糟']"
清蒸白玉,Steamed Tofu,,清蒸 白玉,2,2,1,2,2,['清蒸白玉'],['白玉'],['白玉'],"['清蒸', '白玉']",['白玉'],白玉,2,"['清蒸', '白玉', '清蒸白玉']"
周公三鲜浓汤面,"noodle soup with fish maw, abalone and sea cucumber",[],周公 三鲜 浓汤 面,1,2,1,2,2,"['周公', '三鲜']","['周公', '三鲜', '浓汤']",['咕噜'],['周公'],['周公'],周公,2,"['周公', '三鲜', '浓汤', '面', '周公三鲜浓汤面']"
明珠酥鲍,Bright Pearl Abalone,,明珠 酥 鲍,2,2,2,2,2,['明珠酥鲍'],['明珠酥鲍'],['明珠酥鲍'],['明珠酥鲍'],['明珠酥鲍'],明珠酥鲍,2,"['明珠', '酥', '鲍', '明珠酥鲍']"
红烧狮子头,braised pork ball in brown sauce; Stewed Pork Balls,[],红烧 狮子 狮子头,2,2,2,2,1,['狮子头'],['狮子头'],['狮子头'],"['红烧', '狮子', '狮子头']",['狮子头'],狮子头,2,"['红烧', '狮子', '狮子头', '红烧狮子头']"
叫化鸡,begger’s chicken; Beggar's Chicken,[],叫化 鸡,2,2,2,2,2,['叫化鸡'],['叫化'],['叫花鸡'],['叫化'],['叫化鸡'],叫化鸡 叫化,2,"['叫化', '鸡', '叫化鸡']"
素菜点心四步曲,steamed vegetarian dim sum platter,['(v)'],素菜 点心 四步 四步曲,2,2,2,2,0,['四步曲'],"['素菜', '四步', '四步曲']",['四部曲'],['四步曲'],[],四步曲,2,"['素菜', '点心', '四步', '四步曲', '素菜点心四步曲']"
鸳鸯酥盒,Crispy Fried Duck,,鸳鸯酥盒,3,2,1,2,2,['鸳鸯酥盒'],['鸳鸯酥盒'],"['鸳鸯', '酥盒']",['鸳鸯酥盒'],['鸳鸯酥盒'],鸳鸯酥盒,2,['鸳鸯酥盒']
三鲜琵琶豆腐,house special seafood tofu,[],三鲜 琵琶 豆腐,2,2,2,2,2,['琵琶豆腐'],"['三鲜', '琵琶']","['三鲜', '琵琶']","['三鲜', '琵琶']",['琵琶豆腐'],三鲜 琵琶,2,"['三鲜', '琵琶', '豆腐', '三鲜琵琶豆腐']"
素烧四宝,braised combination of four vegetable,[],素烧 四宝,2,2,2,3,1,['四宝'],['素烧四宝'],"['素烧', '四宝']",['素烧四宝'],['四宝'],四宝,2,"['素烧', '四宝', '素烧四宝']"
虎皮尖椒肥牛,beef sliced with long green chilli,[],虎皮尖椒 肥牛,2,1,2,2,2,['虎皮尖椒'],['虎皮尖椒'],['虎皮尖椒'],['虎皮尖椒'],['虎皮尖椒'],虎皮尖椒,2,"['虎皮尖椒', '肥牛', '虎皮尖椒肥牛']"
赛螃蟹,velvet egg white with crab and aged rice wine; Imitation Crab (Crab meat style egg),[],赛 螃蟹,2,3,2,2,3,['赛螃蟹'],['赛螃蟹'],['赛螃蟹'],['赛螃蟹'],['赛螃蟹'],赛螃蟹,2,"['赛', '螃蟹', '赛螃蟹']"
带子肠粉,isle of mull seared scallop and honey glazed iberico pork cheung fun; isle of mull seared scallop and honey glazed iberico pork cheung,[],带子 肠粉,2,2,1,2,1,['肠粉'],['带子肠粉'],['肠粉'],"['带子', '肠粉']",['肠粉'],肠粉,2,"['带子', '肠粉', '带子肠粉']"
糟溜三白,"sauteed three white slices chicken, fish and bamboo shoots ; with rice wine sauce",[],糟溜 三白,3,3,2,2,2,"['糟溜', '三白', '糟溜三白']",['糟溜三白'],['糟溜三白'],['糟溜'],['糟溜三白'],糟溜三白,2,"['糟溜', '三白', '糟溜三白']"
沸腾鱼,boiled fish in chili oil,[],沸腾 鱼,2,2,2,2,2,['沸腾鱼'],['沸腾'],['沸腾鱼'],['沸腾'],['沸腾鱼'],沸腾鱼,2,"['沸腾', '鱼', '沸腾鱼']"
鲍鱼四宝羹,"Braised Australian abalone soup with crab, sea cucumber, and compoy",Súp bào ngư tứ bửu,鲍鱼 四宝 羹,2,2,2,2,2,['四宝'],['四宝'],['四宝'],['鲍鱼四宝羹'],['四宝羹'],四宝,2,"['鲍鱼', '四宝', '羹', '鲍鱼四宝羹']"
地三鲜,"Fried Potato, Green Pepper & Eggplant; stir-fried potatoes, aubergine, green pepper & red pepper; sauteed potato, green pepper and eggplant ; sauteed potato aubergine with chilli peppers; potato aubergine and green pepper; aubergine with potato and sauteed; stir fried potato aubergine and pepper","['Potatoes, Aubergine, Green Pepper & Red Pepper']; []",地 三鲜,2,2,2,3,3,['地三鲜'],['地三鲜'],['地三鲜'],"['地', '三鲜']",['地三鲜'],地三鲜,2,"['地', '三鲜', '地三鲜']"
乡巴佬炒鳝片,sauteed shredded eel,[],乡巴佬 炒鳝 片,2,2,2,2,2,['乡巴佬'],"['乡巴佬', '炒鳝', '片']",['乡巴佬炒鳝片'],['乡巴佬'],['乡巴佬'],乡巴佬,2,"['乡巴佬', '炒鳝', '片', '乡巴佬炒鳝片']"
韭菜盒,Fried Leek Dumpling,,韭菜盒,2,2,1,2,2,['韭菜盒'],['韭菜盒'],['韭菜盒'],['韭菜盒'],['韭菜盒'],韭菜盒,2,['韭菜盒']
冰雪凤梨,pineapple pastry,[],冰雪 凤梨,2,2,2,2,0,['冰雪凤梨'],['冰雪凤梨'],['冰雪凤梨'],['冰雪'],[],冰雪凤梨,2,"['冰雪', '凤梨', '冰雪凤梨']"
麻婆豆腐,pock marked old woman's beancurd with minced pork,[],麻婆 豆腐 麻婆豆腐 术 豆腐 叉,1,1,2,2,2,['麻婆'],"['麻婆', '麻婆豆腐', '术', '叉']",['麻婆豆腐'],['麻婆豆腐'],['麻婆豆腐'],麻婆豆腐,2,"['麻婆', '豆腐', '麻婆豆腐', '术', '豆腐', '叉', '麻婆豆腐术豆腐叉']"
麒麟鸡,Steamed Sliced Chicken with Mushrooms and Vegetables,,麒麟 鸡,2,2,2,2,2,['麒麟鸡'],['麒麟'],['麒麟鸡'],['麒麟鸡'],['麒麟鸡'],麒麟鸡,2,"['麒麟', '鸡', '麒麟鸡']"
豆腐脑,beancurd jelly,,豆腐脑,2,2,2,2,2,['豆腐脑'],['豆腐脑'],['豆腐脑'],['豆腐脑'],['豆腐脑'],豆腐脑,2,['豆腐脑']
喜字饼,steamed pancake stuffed with jujube paste,[],喜字饼,2,1,2,2,2,['喜字饼'],['喜字'],['喜字饼'],['喜字'],['喜字饼'],喜字饼,2,['喜字饼']
罗汉斋汤面汤米粉,monks vegetarian noodle rice noodle soup,['black fungus mushroom bean curd and pak choi'],罗汉 斋 汤 面汤 米粉,2,2,2,2,2,['罗汉'],"['罗汉', '斋']",['罗汉'],['罗汉斋汤面汤米粉'],['罗汉斋'],罗汉,2,"['罗汉', '斋', '汤', '面汤', '米粉', '罗汉斋汤面汤米粉']"
太白竹篓虾,taibai prawns in bamboo basket ,[],太白 竹篓 虾,3,1,2,2,2,['太白竹篓虾'],"['太白', '竹篓']",['太白竹篓虾'],"['太白', '竹篓', '虾']",['太白竹篓虾'],太白竹篓虾,2,"['太白', '竹篓', '虾', '太白竹篓虾']"
醉蟹,liquor-soaked crabs,[],醉蟹,2,2,2,2,2,['醉蟹'],['醉蟹'],['醉蟹'],['醉蟹'],['醉蟹'],醉蟹,2,['醉蟹']
阳春面,plain noodle soup,[],阳春 阳春面,2,1,1,2,2,['阳春面'],['阳春'],['阳春面'],['阳春面'],['阳春面'],阳春面,2,"['阳春', '阳春面']"
黑醋咕咾肉,Sweet and Sour Pork with Black Vinegar,,黑醋 咕咾肉,1,2,2,1,2,['咕咾'],"['黑醋', '咕咾肉']","['黑醋', '咕咾肉']",['咕咾肉'],['咕佬肉'],咕咾肉,2,"['黑醋', '咕咾肉', '黑醋咕咾肉']"
天外天蒸点心,wing's steamed dim sum,[],天外 天外天 蒸 点心,2,1,2,2,1,"['天外天', '天外天蒸点心']",['天外天蒸点心'],['天外天'],['天外天蒸点心'],['天外天'],天外天 天外天蒸点心,2,"['天外', '天外天', '蒸', '点心', '天外天蒸点心']"
九转大肠,Braised intestines in brown sauce,,九转大肠,2,2,2,2,2,['九转大肠'],['九转大肠'],['九转大肠'],['九转大肠'],['九转大肠'],九转大肠,2,['九转大肠']
跳水木耳,black fungus with pickled capsicum,[],跳水木耳,2,2,2,2,1,['跳水木耳'],['跳水木耳'],['跳水木耳'],['跳水木耳'],['跳水木耳'],跳水木耳,2,['跳水木耳']
赛海蜇拌火鸭丝,shredded roast duck with white fungus ,[],赛 海蜇 拌 火鸭丝,2,2,2,0,1,"['赛海蜇', '火鸭丝']","['赛', '海蜇', '拌', '火鸭丝']",['赛海蜇'],[],['赛海蜇'],赛海蜇,2,"['赛', '海蜇', '拌', '火鸭丝', '赛海蜇拌火鸭丝']"
寿桃包,birthday peach-shaped steamed buns with sweet paste filling,"['Steamed Buns, Sweet Paste']",寿桃 包,2,2,2,2,2,['寿桃包'],['寿桃'],['寿桃包'],['寿桃'],['寿桃'],寿桃,2,"['寿桃', '包', '寿桃包']"
韭菜晶饼,steamed chinese chives pancake,[],韭菜 晶饼,2,2,1,2,1,['晶饼'],['晶饼'],['晶饼'],['晶饼'],['晶饼'],晶饼,2,"['韭菜', '晶饼', '韭菜晶饼']"
口袋豆腐,Braised Tofu Stuffed with Vegetables,,口袋 豆腐,2,1,2,2,2,['口袋豆腐'],['口袋'],['口袋豆腐'],['口袋豆腐'],['口袋豆腐'],口袋豆腐,2,"['口袋', '豆腐', '口袋豆腐']"
蟹黄金钩翅,braised shark fin with crab roe,[],蟹黄 金钩 翅,2,2,1,2,1,['金钩翅'],['金钩'],['钩翅'],['金钩'],['金钩翅'],金钩翅 金钩,2,"['蟹黄', '金钩', '翅', '蟹黄金钩翅']"
清蒸白玉,steamed tofu,[],清蒸 白玉,2,3,1,2,2,['清蒸白玉'],['清蒸白玉'],['白玉'],['清蒸白玉'],['清蒸白玉'],清蒸白玉,2,"['清蒸', '白玉', '清蒸白玉']"
麒麟鸡,steamed sliced chicken with mushrooms and vegetables,[],麒麟 鸡,2,1,2,2,2,['麒麟鸡'],['麒麟'],['麒麟鸡'],['麒麟鸡'],['麒麟鸡'],麒麟鸡,2,"['麒麟', '鸡', '麒麟鸡']"
碧绿翡翠炒三鲜,fried monk fish with black,"['Stir Fried Squid with Chinese Kale', 'Truffle and Wild Mushroom', 'J35']",碧绿 翡翠 炒 三鲜,3,2,1,2,2,['三鲜'],['碧绿'],['碧绿翡翠炒三鲜'],"['碧绿', '翡翠', '三鲜']",['碧绿翡翠'],三鲜 碧绿,2,"['碧绿', '翡翠', '炒', '三鲜', '碧绿翡翠炒三鲜']"
羊宝,sheep’s testicle,[],羊宝,2,2,2,2,2,['羊宝'],['羊宝'],['羊宝'],['羊宝'],['羊宝'],羊宝,2,['羊宝']
玉兔海参,Jade Rabbit Sea Cucumber,,玉兔 海参,2,2,2,2,2,['玉兔海参'],['玉兔'],['玉兔海参'],['玉兔海参'],['玉兔'],玉兔海参,2,"['玉兔', '海参', '玉兔海参']"
龙须蟹枣,fried crab meat,[],龙须 蟹 枣,2,2,2,2,1,['龙须蟹枣'],['龙须'],['龙须蟹枣'],['龙须'],['龙须蟹枣'],龙须蟹枣,2,"['龙须', '蟹', '枣', '龙须蟹枣']"
鱼香肉碎茄子煲,Stewed eggplant with salted fish and minced pork in clay pot,Cà tím hầm cá mặn thịt heo tay cầm,鱼 香肉 碎 茄子 煲,2,2,2,0,1,['鱼香肉碎'],"['香肉', '煲']",['鱼香肉碎茄子'],[],['鱼香肉碎'],鱼香肉碎,2,"['鱼', '香肉', '碎', '茄子', '煲', '鱼香肉碎茄子煲']"
水煮鱼,sliced fish with chilli oil; sliced fish in hot chilli oil; spicy hot poached fish fillet; poached fish in chili oil ,[],水煮鱼,2,2,2,1,2,['水煮鱼'],['水煮'],['水煮鱼'],['水煮牛肉'],['水煮鱼'],水煮鱼,2,['水煮鱼']
罗汉斋菜,buddhist monk mixed vegetables,[],罗汉 斋菜,2,3,2,2,2,['罗汉斋菜'],"['罗汉', '斋菜']",['罗汉'],"['罗汉', '斋菜']",['罗汉斋'],罗汉,2,"['罗汉', '斋菜', '罗汉斋菜']"
凤尾兰花虾球,prawn with chinese broccoli,[],凤尾 兰花 大 虾球,2,2,1,2,1,['凤尾'],"['凤尾', '兰花']",['凤尾'],"['凤尾', '兰花']",['凤尾兰花大虾球'],凤尾,2,"['凤尾', '兰花', '大', '虾球', '凤尾兰花虾球']"
富贵八小碟,Appetizers combination,,富贵八小碟,3,2,3,2,2,['富贵八小碟'],['富贵八小碟'],['富贵八小碟'],['八小碟'],['富贵八小碟'],富贵八小碟,2,['富贵八小碟']
双皮樱桃盏,cheese and egg cake,[],双皮 樱桃 盏,2,2,1,1,2,['双皮樱桃盏'],"['双皮', '盏']","['双皮', '樱桃盏']",['双皮樱桃盏'],['盏'],双皮樱桃盏 双皮 盏,2,"['双皮', '樱桃', '盏', '双皮樱桃盏']"
暖心汤,herbal soup,[],暖心 汤,2,2,2,2,0,['暖心汤'],['暖心'],['暖心汤'],['暖心'],[],暖心汤 暖心,2,"['暖心', '汤', '暖心汤']"
凤眼秋波鸭包,deep-fried duck rolls and quail eggs,[],凤眼 秋波 鸭包,2,3,1,2,2,"['凤眼', '秋波']","['凤眼', '秋波']","['凤眼', '秋波', '鸭包']","['凤眼', '秋波']",['风眼秋波'],凤眼 秋波,2,"['凤眼', '秋波', '鸭包', '凤眼秋波鸭包']"
碧绿鲍片,Braised Sliced Abalone with Green Vegetables,,碧绿 鲍片,2,2,2,2,2,['碧绿鲍片'],['碧绿'],['碧绿鲍片'],[],[],碧绿鲍片,2,"['碧绿', '鲍片', '碧绿鲍片']"
罗汉斋面,monk's vegetarian soft noodles; monks vegetarian soft noodles,[]; ['cloud ear mushroom bean curd and pak choi'],罗汉 斋面,1,1,2,2,2,['罗汉'],"['罗汉', '斋面']",['罗汉'],"['罗汉', '斋面']",['罗汉斋'],罗汉,2,"['罗汉', '斋面', '罗汉斋面']"
荷包蛋,Poached Egg,,荷包 荷包蛋,2,2,1,0,2,['荷包蛋'],"['荷包', '荷包蛋']",['荷包蛋'],[],['荷包蛋'],荷包蛋,2,"['荷包', '荷包蛋']"
桶子油鸡,soya chicken,[],桶子 油鸡,2,2,2,2,2,['桶子油鸡'],['桶子油鸡'],['桶子油鸡'],['桶子油鸡'],['桶子油鸡'],桶子油鸡,2,"['桶子', '油鸡', '桶子油鸡']"
金沙鸡卷,deep fried chicken in rice paper,[],金 沙鸡 卷 金沙鸡,2,2,1,2,0,['金沙鸡'],['金沙'],['金沙鸡'],"['金', '沙鸡']",[],金沙鸡,2,"['金', '沙鸡', '卷', '金沙鸡', '金沙鸡卷']"
琥珀核桃,honeyed walnuts,[],琥珀 核桃,2,1,1,2,2,['琥珀核桃'],['琥珀'],['琥珀核桃'],['琥珀'],['琥珀核桃'],琥珀核桃,2,"['琥珀', '核桃', '琥珀核桃']"
水煮牛肉,sliced beef in chili oil; meat in hot chilli oil beef; spicy hot poached beef; classic sichuan boiled beef in sizzling chilli oil; sliced beef in hot chilli oil,"[]; ['Tender cuts of boiled beef in hot Sichuan chilli bean sauce with fresh garlic.', 'Garnished with coriander and a sizzling pile of chillies']",水煮 牛肉,2,2,2,2,2,['水煮牛肉'],['水煮牛肉'],['水煮牛肉'],['水煮牛肉'],['水煮牛肉'],水煮牛肉,2,"['水煮', '牛肉', '水煮牛肉']"
果汁银元带子,sauteed scallops with fruit juice,[],果汁 银元带子 带子,2,2,2,2,1,['银元带子'],"['银元带子', '带子']",['银元带子'],['银元带子'],['银元带子'],银元带子,2,"['果汁', '银元带子', '带子', '果汁银元带子']"
海棠酥,Crab-apple Flower Cake,,海棠 酥,2,2,2,2,2,['海棠酥'],"['海棠', '酥']",['海棠酥'],['海棠酥'],['海棠酥'],海棠酥,2,"['海棠', '酥', '海棠酥']"
粒香富贵蟹,Sautéed Crab Meat Coated with Egg Yolk,,粒香 富贵 蟹 富贵蟹,2,1,2,1,2,['粒香富贵蟹'],"['粒香', '富贵', '富贵蟹']","['粒香', '富贵蟹']",['富贵蟹'],['富贵蟹'],富贵蟹,2,"['粒香', '富贵', '蟹', '富贵蟹', '粒香富贵蟹']"
如意酥,red bean pastry,[],如意 酥,2,3,2,2,3,['如意酥'],['如意酥'],['如意'],['如意酥'],['如意酥'],如意酥,2,"['如意', '酥', '如意酥']"
沔阳三蒸,Mianyang Three Steamed Dishes,,沔阳三蒸,3,3,2,2,2,['沔阳三蒸'],['沔阳三蒸'],['沔阳三蒸'],['沔阳三蒸'],['沔阳三蒸'],沔阳三蒸,2,['沔阳三蒸']
西蜀豆花,Braised Tofu with Peanuts and Pickles,,西蜀 豆花,1,2,2,0,2,['西蜀'],"['西蜀', '豆花']",['西蜀豆花'],[],['西蜀豆花'],西蜀 西蜀豆花,2,"['西蜀', '豆花', '西蜀豆花']"
金不换盐酥鸡,five spice crispy chicken with thai basil,[],不换 金不换 盐酥鸡,1,1,2,2,2,['盐酥鸡'],"['不换', '金不换']","['金不换', '盐酥鸡']","['不换', '金不换']",['金不换'],金不换,2,"['不换', '金不换', '盐酥鸡', '金不换盐酥鸡']"
八珍豆腐饭,braised tofu with assorted meat and vegetable in casserole,[],八珍 豆腐 饭,2,1,2,2,1,['八珍'],['八珍'],['八珍'],['八珍'],['八珍'],八珍,2,"['八珍', '豆腐', '饭', '八珍豆腐饭']"
东北乱炖,House Special Stew with Pork,,东北乱炖,3,2,2,2,2,['东北乱炖'],['东北乱炖'],['东北乱炖'],['东北乱炖'],['东北乱炖'],东北乱炖,2,['东北乱炖']
四喜丸子,sixi pork meatballs; sixi pork meatballs with chinese water; braised pork balls in gravy,[]; ['pork with Chinese water chestnuts'],四喜 丸子,1,2,2,2,2,['四喜'],['四喜丸子'],['四喜丸子'],['四喜丸子'],['四喜丸子'],四喜丸子,2,"['四喜', '丸子', '四喜丸子']"
三寳水晶饺,three treasure dumpling with king crab smoked tofu and lemon grass broth option,[],三 寳 水晶 饺,2,2,2,2,1,['水晶饺'],"['三', '寳', '水晶']","['三宝', '水晶饺']","['三', '寳']",['三宝水晶饺'],水晶饺 三 寳,2,"['三', '寳', '水晶', '饺', '三寳水晶饺']"
翠玉瓜莲藕沙律,lotus root salad with courgette and black fungus,['(v)'],翠玉 瓜 莲藕 沙律,2,2,1,2,0,"['翠玉', '沙律']","['翠玉', '沙律']",['翠玉瓜'],"['翠玉', '沙律']",[],翠玉 沙律,2,"['翠玉', '瓜', '莲藕', '沙律', '翠玉瓜莲藕沙律']"
拔丝山药,chinese yam in hot toffee,[],拔丝 山药,2,2,1,1,2,['拔丝山药'],['拔丝'],['拔丝'],['拔丝山药'],['拔丝山药'],拔丝山药,2,"['拔丝', '山药', '拔丝山药']"
龙凤羹,minced chicken and fish thick soup,[],龙凤 羹,3,1,2,2,2,['龙凤羹'],['龙凤'],['龙凤羹'],['龙凤羹'],['龙凤羹'],龙凤羹,2,"['龙凤', '羹', '龙凤羹']"
装盘甜彩,Trio of Dessert,,装盘 甜彩,2,1,3,2,2,['装盘甜彩'],"['装盘', '甜彩']",['装盘甜彩'],['装盘甜彩'],['装盘甜彩'],装盘甜彩,2,"['装盘', '甜彩', '装盘甜彩']"
双仙采灵芝,Sautéed Mushrooms with Broccoli,,双仙采 灵芝,2,2,3,2,3,['双仙采灵芝'],"['双仙采', '灵芝']",['双仙采灵芝'],"['双仙采', '灵芝']",['双仙采灵芝'],双仙采灵芝,2,"['双仙采', '灵芝', '双仙采灵芝']"
西施太子炒饭,Prince fried rice,[],西施 太子 炒饭,1,1,2,2,2,"['西施', '太子']","['西施', '太子']",['西施太子炒饭'],"['西施', '太子']","['西施', '太子']",西施 太子,2,"['西施', '太子', '炒饭', '西施太子炒饭']"
八宝鸭丁,diced duck with eight delicacies,[],八宝 鸭丁,2,2,2,2,1,['八宝鸭丁'],"['八宝', '鸭丁']",['八宝'],['八宝'],['八宝'],八宝,2,"['八宝', '鸭丁', '八宝鸭丁']"
八公山豆腐,Bang Tofu,,八 公山 豆腐,1,1,2,2,2,['八公山'],"['八', '公山']",['八公山豆腐'],['八公山豆腐'],['八公山'],八公山 八公山豆腐,2,"['八', '公山', '豆腐', '八公山豆腐']"
三烧,three kinds of roasted meat,[],三烧,2,3,2,3,2,['三烧'],['三烧'],['三烧'],['三烧'],['三烧'],三烧,2,['三烧']
百寿桃,Peach-Shaped Birthday Cake,,百寿桃,2,2,2,2,2,['百寿桃'],['百寿桃'],['百寿桃'],['百寿桃'],['寿桃'],百寿桃,2,['百寿桃']
全蝎望京鸭,fried duck meat with scorpions,[],全蝎 望京 鸭,2,2,2,2,1,['望京鸭'],"['全蝎', '望京']",['全蝎望京鸭'],"['全蝎', '望京']",['望京鸭'],望京鸭 全蝎 望京,2,"['全蝎', '望京', '鸭', '全蝎望京鸭']"
锦绣糯米鸡,steamed chicken stuffed with glutinous rice ,[],锦绣 糯米 糯米鸡,2,1,2,2,0,['糯米鸡'],['锦绣'],['锦绣糯米鸡'],"['锦绣', '糯米鸡']",['锦绣糯米鸡'],糯米鸡 锦绣 锦绣糯米鸡,2,"['锦绣', '糯米', '糯米鸡', '锦绣糯米鸡']"
凤巢炸芋角,Deep-fried Taro Dumpling,,凤巢 炸芋 角,2,2,2,2,2,['凤巢'],"['凤巢', '炸芋', '角']","['凤巢', '芋角']",[],['凤巢'],凤巢,2,"['凤巢', '炸芋', '角', '凤巢炸芋角']"
水晶鸭宝,Duck Delicacy Aspic,,水晶 鸭宝,2,2,1,2,2,['水晶鸭宝'],"['水晶', '鸭宝']",['水晶'],"['水晶', '鸭宝']",['鸭宝'],水晶 鸭宝,2,"['水晶', '鸭宝', '水晶鸭宝']"
九重茄子,sauteed eggplant with basil,[],九重 茄子,2,2,2,2,1,['九重茄子'],['九重'],['九重'],['九重'],[],九重,2,"['九重', '茄子', '九重茄子']"
大妈茄子,braised aubergine in yellow bean sauce,[],大妈 茄子,1,1,2,2,2,['大妈茄子'],['大妈'],['大妈茄子'],['大妈'],['大妈茄子'],大妈茄子,2,"['大妈', '茄子', '大妈茄子']"
水晶虾仁,sauteed shrimp,[],水晶 虾仁,2,1,1,1,0,['水晶虾仁'],['水晶'],['水晶'],['水晶'],[],水晶,1,"['水晶', '虾仁', '水晶虾仁']"
什菜炒面,mixed vegetable chow mein; mixed vegetables chow mein,['with Crispy or Soft Noodle']; ['63V'],什菜 炒面,1,1,1,1,1,['什菜'],['什菜'],['什菜'],['什菜'],['什菜'],什菜,1,"['什菜', '炒面', '什菜炒面']"
香煎罗汉素菜饺,pan fried lo han dumpling steamed vegetable and nut dumplings,['Spring Onion Pancakes Seaweed and Pickled Vegetables'],香 煎 罗汉 素菜 饺,1,1,1,2,1,['罗汉'],"['罗汉', '素菜']",['罗汉'],['罗汉'],['罗汉素菜'],罗汉,1,"['香', '煎', '罗汉', '素菜', '饺', '香煎罗汉素菜饺']"
扬州凤鹅,"steamed goose, yangzhou style",[],扬州 凤鹅,1,2,1,1,1,['扬州'],['凤鹅'],['扬州凤鹅'],['扬州凤鹅'],['风鹅'],扬州凤鹅,1,"['扬州', '凤鹅', '扬州凤鹅']"
罗汉上素斋饺,deep fried mixed dim sum platter,[],罗汉 上素 斋 饺件,1,1,2,2,1,['罗汉'],"['罗汉', '上素', '斋']","['罗汉', '上素', '饺件']","['罗汉', '斋饺']",['罗汉素菜'],罗汉,1,"['罗汉', '上素', '斋', '饺件', '罗汉上素斋饺']"
手拍黄瓜,cucumber in spicy sauce; spinach dressed in sesame oil,"[]; ['Cucumber in Spicy Sauce', '8kcal', 'Vegan']",手拍 黄瓜,1,1,1,1,1,['手拍'],['手拍'],[],['手拍'],[],手拍,1,"['手拍', '黄瓜', '手拍黄瓜']"
扁食汤,dumpling soup,[],扁食 汤,1,1,1,2,2,['扁食'],['扁食'],['扁食'],['扁食汤'],['扁食'],扁食,1,"['扁食', '汤', '扁食汤']"
马拉炒饭,dried shrimp sweet corn preserved veg,"['diced mushroom brown rice', 'Malaysian style fried rice']",马拉 炒饭,1,1,1,2,0,['马拉'],['马拉'],['马拉炒饭'],['马拉'],[],马拉,1,"['马拉', '炒饭', '马拉炒饭']"
凉拌担担面,Szechwan-style Cold Noodle,,凉拌 担担面,1,1,1,1,1,['担担面'],"['凉拌', '担担面']",['担担面'],['担担面'],['担担面'],担担面,1,"['凉拌', '担担面', '凉拌担担面']"
东来顺特制肥羊肉,donglaishun special rich lamb slices,[],东来 东来顺 特制 肥 羊肉,1,1,2,2,1,['东来顺'],"['东来', '东来顺', '特制', '肥']",['东来顺'],['东来顺'],['东来顺'],东来顺,1,"['东来', '东来顺', '特制', '肥', '羊肉', '东来顺特制肥羊肉']"
海鲜噜面,seafood noodle soup,[],海鲜 噜面 噜,1,1,1,1,1,['噜'],"['海鲜', '噜面', '噜']",['噜面'],['噜面'],['噜面'],噜面,1,"['海鲜', '噜面', '噜', '海鲜噜面']"
白灵菇扣鸭掌,mushroom with duck webs,[],白灵菇 扣 鸭掌,1,1,1,1,1,['扣'],['扣'],['白灵菇'],[],['扣鸭掌'],扣,1,"['白灵菇', '扣', '鸭掌', '白灵菇扣鸭掌']"
士召豆腐,tofu with green pepper in black bean sauce,[],士召 豆腐,1,1,1,1,1,['士召'],['士召'],['士召'],"['士召', '豆腐']",['士召豆腐'],士召,1,"['士召', '豆腐', '士召豆腐']"
麻酱砵仔肠粉,plain with sesame sauce; roast pork cheung fun,[],麻酱 砵 仔 肠粉,1,1,1,2,1,['肠粉'],"['砵', '仔']","['砵仔', '肠粉']","['砵仔', '肠粉']",['钵仔'],肠粉,1,"['麻酱', '砵', '仔', '肠粉', '麻酱砵仔肠粉']"
百花酿蟹钳,deep fried crab claw stuffed with prawn meat; deep fried crab claws,[],百花酿 蟹 蟹钳,1,1,1,2,2,['百花酿'],['百花酿'],['百花酿'],['百花'],"['百花', '酿']",百花酿,1,"['百花酿', '蟹', '蟹钳', '百花酿蟹钳']"
锅塌豆腐,tofu omelet; c fried beancurd peking style in garlic ginger spring onion sauce,[],锅塌 豆腐,1,1,1,1,1,['锅塌'],"['锅塌', '豆腐']",['锅塌'],['锅塌'],['锅塌豆腐'],锅塌,1,"['锅塌', '豆腐', '锅塌豆腐']"
叉烧白切鸡饭,char siu and fragrant poached chicken with rice,[],叉烧 白切鸡 饭 鸡饭,2,1,1,1,1,['白切鸡'],"['叉烧', '白切鸡']","['叉烧', '白切鸡']",[],['白切鸡'],白切鸡,1,"['叉烧', '白切鸡', '饭', '鸡饭', '叉烧白切鸡饭']"
麻辣蒸粉果,Steamed Mala Pork Dumpling,,麻辣 蒸粉果,2,2,1,1,1,['粉果'],"['麻辣', '蒸粉果']",['蒸粉果'],['蒸粉果'],['蒸粉果'],蒸粉果,1,"['麻辣', '蒸粉果', '麻辣蒸粉果']"
糟蛋,egg preserved in rice wine,[],糟蛋,1,1,1,2,1,['糟蛋'],['糟蛋'],['糟蛋'],['糟蛋'],['糟蛋'],糟蛋,1,['糟蛋']
咕噜豆腐,sweet and sour bean curd,[],咕噜 豆腐,1,1,1,1,1,['咕噜'],['咕噜'],['咕噜'],['咕噜'],[],咕噜,1,"['咕噜', '豆腐', '咕噜豆腐']"
宫保大虾,king prawns kung po style; beef satay,[],宫保 大虾,1,1,2,1,1,['宫保'],['宫保'],['宫保'],['宫保'],['宫保'],宫保,1,"['宫保', '大虾', '宫保大虾']"
碧玉至尊鸳鸯海鲜饺,supreme steamed jade seafood dumpling duo,[],碧玉 至尊 鸳鸯 海鲜 饺,2,1,1,2,1,"['碧玉', '鸳鸯']","['碧玉', '至尊', '鸳鸯']",['碧玉至尊鸳鸯海鲜饺'],"['碧玉', '至尊', '鸳鸯']",['鸳鸯海鲜饺'],碧玉 鸳鸯,1,"['碧玉', '至尊', '鸳鸯', '海鲜', '饺', '碧玉至尊鸳鸯海鲜饺']"
水晶鲜虾饺,Steamed Crystal Prawn Dumpling,,水晶 鲜 虾饺,2,1,1,2,1,['水晶鲜虾饺'],['水晶'],['水晶'],['水晶鲜虾饺'],['水晶虾饺'],水晶鲜虾饺 水晶,1,"['水晶', '鲜', '虾饺', '水晶鲜虾饺']"
菊花豆腐,chrysanthemum tofu lemon grass broth,[],菊花 豆腐,2,1,1,1,2,['菊花豆腐'],[],['菊花豆腐'],['菊花'],['菊花豆腐'],菊花豆腐,1,"['菊花', '豆腐', '菊花豆腐']"
鲍汁花胶丝炆面,hand pulled soft noodles braised with black truffle and mushroom,[],鲍汁 花胶 丝 炆 面,1,1,1,0,0,['花胶'],"['鲍汁', '花胶', '丝', '炆']",['花胶'],[],[],花胶,1,"['鲍汁', '花胶', '丝', '炆', '面', '鲍汁花胶丝炆面']"
红烧花胶天白花菇绍白菜,braised fish maw with japanese shiitake mushroom in superior oyster sauce,[],红烧 花胶 天白 花菇 绍 白菜,1,1,1,0,0,['花胶'],"['花胶', '天白', '花菇', '绍']","['花胶', '天白花菇', '绍白菜']",[],[],花胶,1,"['红烧', '花胶', '天白', '花菇', '绍', '白菜', '红烧花胶天白花菇绍白菜']"
火燎鸭心,Sautéed Duck Hearts,,火燎 鸭心,3,1,1,2,1,['火燎鸭心'],['火燎'],['火燎鸭心'],['火燎鸭心'],[],火燎鸭心,1,"['火燎', '鸭心', '火燎鸭心']"
皇朝香酥鸭,classic crispy aromatic duck,['Served with Pancake Spring Onion and Cucumber'],皇朝 香酥鸭 鸭,1,1,1,1,1,['香酥鸭'],['皇朝'],"['皇朝香酥鸭', '香酥鸭']",['皇朝'],['皇朝'],皇朝,1,"['皇朝', '香酥鸭', '鸭', '皇朝香酥鸭']"
四川辔菜,"pickles, sichuan style ",[],四川 辔菜,1,3,1,2,1,"['辔菜', '四川']",['辔菜'],['四川辔菜'],['辔菜'],['辔菜'],辔菜,1,"['四川', '辔菜', '四川辔菜']"
香扒春鸡,Grilled Spring Chicken,,香扒春鸡,2,1,1,1,1,['香扒春鸡'],['香扒春鸡'],['香扒'],['香扒春鸡'],['春扒春鸡'],香扒春鸡,1,['香扒春鸡']
无花果蜜汁旭日义烧,honey glazed iberico char siu with salted egg yolk and fig,[],花果 无花果 蜜汁 旭日 义烧 旭日义烧,2,1,1,2,1,"['旭日', '义烧', '旭日义烧']","['花果', '无花果', '蜜汁', '旭日', '义烧', '旭日义烧']","['蜜汁', '旭日', '义烧']","['无花果', '旭日']",['叉烧'],旭日,1,"['花果', '无花果', '蜜汁', '旭日', '义烧', '旭日义烧', '无花果蜜汁旭日义烧']"
奇香鱼面,shanghai style wok fried haddock with five spices,['AND SOFT NOODLES IN STRONG SOY SAUCE'],奇 香鱼 面,2,1,1,1,0,['奇香鱼面'],"['奇', '香鱼']",['奇香鱼面'],"['奇', '香鱼']",[],奇香鱼面 奇 香鱼,1,"['奇', '香鱼', '面', '奇香鱼面']"
什景炒饭,Wok-fried Rice with Barbecued Pork and Assorted Seafood,,什景 炒饭,1,1,1,2,1,['什景'],['什景'],['什景'],['什景炒饭'],['什锦'],什景,1,"['什景', '炒饭', '什景炒饭']"
药膳桃胶火鸭汤,double boiled herbal duck soup with peach gum,[],药膳 桃胶 火 鸭汤,1,1,1,2,1,"['药膳', '桃胶']",['药膳'],"['药膳', '桃胶']","['药膳', '桃胶']",['药膳'],药膳,1,"['药膳', '桃胶', '火', '鸭汤', '药膳桃胶火鸭汤']"
芋头西米露,chilled taro and coconut sago,[],芋头 西米露,1,1,1,1,0,['西米露'],[],['西米露'],['西米露'],[],西米露,1,"['芋头', '西米露', '芋头西米露']"
金瓜咸水角,Deep-fried Pumpkin Glutinous Dumpling with Pork,,金瓜 咸水 角,2,2,1,1,1,['咸水角'],"['金瓜', '咸水', '角']","['金瓜', '咸水角']",['咸水角'],"['金瓜', '水角']",咸水角 金瓜,1,"['金瓜', '咸水', '角', '金瓜咸水角']"
流沙包,steamed duck yolk custard bun; salted egg yolk custard bun,[],流 沙包 流沙包,1,2,1,2,1,['流沙包'],['流沙'],['流沙包'],['流沙包'],[],流沙包,1,"['流', '沙包', '流沙包']"
黄炆刺参花胶绍白菜,braised japanese sea cucumber with fish maw in superior oyster sauce,[],黄炆 刺参 花胶绍 白菜,1,3,1,2,1,"['黄炆', '花胶绍']","['黄炆', '刺参', '花胶绍']","['黄炆', '刺参', '花胶', '绍白菜']","['黄炆', '刺参', '花胶绍']",['黄炆'],黄炆,1,"['黄炆', '刺参', '花胶绍', '白菜', '黄炆刺参花胶绍白菜']"
瑶柱蟹肉炆伊面,conpoy and crab meat braised noodle,[],瑶柱 蟹肉 炆 伊面,1,1,1,1,0,['伊面'],"['瑶柱', '蟹肉', '炆', '伊面']","['瑶柱', '伊面']",['蟹肉伊面'],[],伊面,1,"['瑶柱', '蟹肉', '炆', '伊面', '瑶柱蟹肉炆伊面']"
九王瑶柱羹,scallop thick soup,[],九王 瑶柱 羹,1,1,1,3,2,['九王'],"['九王', '瑶柱']",['九王瑶柱'],['九王瑶柱羹'],['瑶柱'],九王 瑶柱,1,"['九王', '瑶柱', '羹', '九王瑶柱羹']"
士召鸡,chicken with green pepper in black bean sauce,[],士召鸡,2,1,1,1,1,['士召鸡'],['士召'],['士召'],['士召鸡'],['士召鸡'],士召鸡,1,['士召鸡']
陈皮鸡,tangerine-flavored chicken,[],陈皮 鸡,1,1,1,1,0,['陈皮鸡'],['陈皮'],['陈皮'],['陈皮鸡'],[],陈皮鸡 陈皮,1,"['陈皮', '鸡', '陈皮鸡']"
咕噜虾球,sweet and sour prawns; sweet and sour king prawns,[],咕噜 虾球,1,1,1,2,2,['咕噜'],['咕噜'],['咕噜'],['咕噜'],"['咕噜', '咕噜虾球']",咕噜,1,"['咕噜', '虾球', '咕噜虾球']"
苹果咕噜肉,Sweet and sour pork belly with green apple,Thịt heo chua ngọt và táo xanh,苹果 咕噜 肉,1,2,1,2,1,['咕噜'],['咕噜'],['咕噜'],['苹果咕噜肉'],['咕噜肉'],咕噜,1,"['苹果', '咕噜', '肉', '苹果咕噜肉']"
黄金玉米,Sautéed Sweet Corn with Salted Egg Yolk,,黄金 玉米,2,1,2,1,1,['黄金玉米'],['黄金'],['黄金玉米'],['黄金玉米'],['黄金玉米'],黄金玉米,1,"['黄金', '玉米', '黄金玉米']"
辔菜炒饭,fried rice with pickled vegetables,[],辔菜 炒饭,1,1,1,2,0,['辔菜'],['辔菜'],['辔菜'],['辔菜'],[],辔菜,1,"['辔菜', '炒饭', '辔菜炒饭']"
糟溜鳕鱼,sauteed codish fillets with rice wine sauce,[],糟溜 鳕鱼,1,1,1,2,1,['糟溜'],['糟溜'],['糟溜'],['糟溜'],['糟溜'],糟溜,1,"['糟溜', '鳕鱼', '糟溜鳕鱼']"
浓汤四宝,Seafood Soup,,浓汤 四宝,2,2,1,1,1,['浓汤四宝'],['四宝'],['四宝'],['浓汤四宝'],['四宝'],四宝,1,"['浓汤', '四宝', '浓汤四宝']"
鱼香肉丝饭,essence of fish with shredded pork,[],鱼香 香肉 肉丝 鱼香肉丝 饭,2,1,2,1,1,['鱼香肉丝'],"['鱼香', '香肉', '鱼香肉丝']",['鱼香肉丝'],['鱼香肉丝饭'],['鱼香肉丝'],鱼香肉丝,1,"['鱼香', '香肉', '肉丝', '鱼香肉丝', '饭', '鱼香肉丝饭']"
红糖糍粑,deep fried sticky rice cake strip with brown sugar syrup; deep fried glutinous rice cake with melted brown sugar,[],红糖 糍粑,1,1,1,1,1,['糍粑'],['糍粑'],['糍粑'],['糍粑'],['糍粑'],糍粑,1,"['红糖', '糍粑', '红糖糍粑']"
宫保鸡丁,gongbao diced chicken with peanuts & dried chilli; gong bao chicken roasted peanuts and essence; kung pao chicken; Kung Pao chicken; kung pao chicken ; Wok-fried Diced Chicken with Cashew Nuts and Red Pepper; classic imperial gongbao chicken; kong po chicken sichuan style,"[]; ['Chicken, Sichuan Pepper Corn, Peanuts & Dried Chilli']; ['Named after an Imperial Governor of Sichuan', 'A medley of chicken cubes cashew nuts and red chillies in a tangy sweet sauce laced with chilli spice fresh garlic and a touch of numbing Sichuan pepper']",宫保 宫保鸡 丁,1,1,1,1,1,"['宫保', '宫保鸡']",['宫保'],['宫保'],['宫保'],['宫保鸡丁'],宫保,1,"['宫保', '宫保鸡', '丁', '宫保鸡丁']"
花枝羹,Squid thick soup,,花枝羹,1,1,1,1,1,['花枝羹'],['花枝羹'],['花枝'],['花枝'],['花枝羹'],花枝羹,1,['花枝羹']
秘制麻辣法国走地鸡煲,french corn fed chicken in home made spicy sauce,[],秘制 麻辣 法国 走地 鸡煲,2,1,1,1,1,['走地鸡'],"['走地', '鸡煲']",['走地鸡'],['走地鸡'],['走地鸡'],走地鸡,1,"['秘制', '麻辣', '法国', '走地', '鸡煲', '秘制麻辣法国走地鸡煲']"
子姜鸭,sauteed duck with ginger shoots,[],子 姜 鸭 子姜,1,1,1,2,0,['子姜'],"['子', '子姜']",['子姜鸭'],['子姜'],[],子姜,1,"['子', '姜', '鸭', '子姜', '子姜鸭']"
五味豆腐,Multi-Flavored Tofu,,五味 豆腐,2,1,1,1,1,['五味豆腐'],['五味'],['五味'],['五味'],['五味'],五味,1,"['五味', '豆腐', '五味豆腐']"
阿香婆石头烤肉,bbq beef with spicy sauce,[],阿香婆 石头 烤肉,1,1,2,2,1,['阿香婆'],['阿香婆'],['阿香婆石头烤肉'],"['阿香婆', '石头']",[],阿香婆,1,"['阿香婆', '石头', '烤肉', '阿香婆石头烤肉']"
怪味鸡丝,Multi-Flavored Shredded Chicken,,怪味 鸡丝,2,1,1,2,1,['怪味鸡丝'],"['怪味', '鸡丝']",['怪味鸡丝'],['怪味鸡丝'],['怪味鸡丝'],怪味鸡丝,1,"['怪味', '鸡丝', '怪味鸡丝']"
九重鲜鲍,sauteed fresh abalone with basil,[],九重 鲜鲍,2,3,1,1,1,['九重鲜鲍'],['九重鲜鲍'],['九重'],"['九重', '鲜鲍']",['九重鲜鲍'],九重鲜鲍,1,"['九重', '鲜鲍', '九重鲜鲍']"
金钱鸡,grilled ham and chicken,[],金钱 鸡,2,1,1,2,1,['金钱鸡'],['金钱'],['金钱鸡'],['金钱鸡'],['金钱鸡'],金钱鸡,1,"['金钱', '鸡', '金钱鸡']"
红曲鸭膀,Braised Duck Wings Seasoned with Red Yeast,,红曲 鸭膀,2,3,1,1,1,['红曲鸭膀'],['红曲鸭膀'],['红曲'],['红曲'],['红曲'],红曲,1,"['红曲', '鸭膀', '红曲鸭膀']"
琵琶豆腐,pei pa beancurd,[],琵琶 豆腐,2,1,1,2,1,['琵琶豆腐'],['琵琶'],['琵琶豆腐'],['琵琶'],['琵琶豆腐'],琵琶豆腐,1,"['琵琶', '豆腐', '琵琶豆腐']"
百花酿鸭片,pak far roasted duck with prawn meat stuffing,[],百花 百花酿 鸭片,1,1,1,2,2,['百花酿'],['百花酿'],['百花酿'],['百花'],"['百花', '酿']",百花酿,1,"['百花', '百花酿', '鸭片', '百花酿鸭片']"
士召大虾,king prawn with green pepper in,['Black Bean Sauce'],士召 大虾,2,1,1,2,1,['士召'],['士召'],['士召'],['士召'],['士召大虾'],士召,1,"['士召', '大虾', '士召大虾']"
鸳鸯炸大虾,yin yan king prawns pieces,['Deep Fried Butterfly Crispy King Prawns partnered with Stir Fried King Prawns in Szechuan Sauce'],鸳鸯 大虾 炸 大虾 四川 虾,2,1,1,1,1,['鸳鸯大虾'],"['鸳鸯', '四川']",['鸳鸯'],['鸳鸯'],['鸳鸯大虾'],鸳鸯,1,"['鸳鸯', '大虾', '炸', '大虾', '四川', '虾', '鸳鸯大虾炸大虾四川虾']"
擂沙汤圆,Black sesame soft ball,,擂沙 汤圆,1,1,1,2,2,['擂沙'],['擂沙'],['擂沙'],['擂沙汤圆'],['镭沙'],擂沙,1,"['擂沙', '汤圆', '擂沙汤圆']"
歌乐山辣子鸡,diced chicken in sichuan style; geleshan dry fried diced chicken with pepper corn & dried chilli,"[]; ['Chicken, Sichuan Pepper Corn, Spring Onion, Dried Chilli, Sesame']",歌乐 乐山 歌乐山 辣子 子鸡 辣子鸡,1,1,2,2,1,"['辣子鸡', '歌乐山']","['歌乐', '乐山', '歌乐山', '子鸡', '辣子鸡']",['歌乐山辣子鸡'],['歌乐山'],['辣子鸡'],辣子鸡 歌乐山,1,"['歌乐', '乐山', '歌乐山', '辣子', '子鸡', '辣子鸡', '歌乐山辣子鸡']"
芝麻虾多士,sesame prawn on toasted baguette; sesame prawn toast; sesame prawn meat on toast,[],芝麻 虾多士,1,1,1,1,0,['虾多士'],['虾多士'],['虾多士'],['虾多士'],[],虾多士,1,"['芝麻', '虾多士', '芝麻虾多士']"
云吞,crispy won ton with sweet chilli jam,[],云吞,1,1,1,1,1,['云吞'],['云吞'],['云吞'],['云吞'],['云吞'],云吞,1,['云吞']
三拼烧味,three signature meats,[],三拼 烧味,1,3,2,1,1,"['三拼', '烧味']",['三拼烧味'],['三拼烧味'],['三拼烧味'],['烧味'],三拼烧味,1,"['三拼', '烧味', '三拼烧味']"
水晶肘,stewed pig knuckle,[],水晶 肘,2,2,1,1,1,['水晶肘'],"['水晶', '肘']",['水晶'],['水晶'],[],水晶,1,"['水晶', '肘', '水晶肘']"
宫保鸡片,chicken kung po style,[],宫保 宫保鸡 片,1,1,1,1,1,['宫保'],"['宫保', '宫保鸡', '片']",['宫保'],['宫保'],['宫保'],宫保,1,"['宫保', '宫保鸡', '片', '宫保鸡片']"
白切肉,Boiled Pork Slices,,白 切肉,2,3,1,1,1,['白切肉'],['白切肉'],['白切肉'],['白切肉'],['白切'],白切肉,1,"['白', '切肉', '白切肉']"
酱海中宝,sea treasures in xo sauce,[],酱 海中 海中宝,3,3,1,1,1,['海中宝'],"['酱', '海中', '海中宝']",['酱海中宝'],['海中宝'],['海中宝'],海中宝,1,"['酱', '海中', '海中宝', '酱海中宝']"
回锅羊肉,twice cooked lamb,[],回锅 羊肉,2,1,2,1,1,['回锅羊肉'],['回锅'],['回锅羊肉'],['回锅羊肉'],['回锅'],回锅羊肉,1,"['回锅', '羊肉', '回锅羊肉']"
海天虾饺皇,steamed jiaozi stuffed with shrimp and fungus,[],海天 虾饺 皇 虾饺皇,2,1,1,1,1,"['虾饺皇', '海天虾饺皇']","['海天皇', '虾饺皇']","['海天', '虾饺皇']",['虾饺'],['虾饺皇'],虾饺皇,1,"['海天', '虾饺', '皇', '虾饺皇', '海天虾饺皇']"
百花鸭,pak far duck with prawn and meat stuffing,[],百花 鸭,2,1,1,2,1,['百花鸭'],['百花'],['百花鸭'],['百花'],['百花鸭'],百花鸭,1,"['百花', '鸭', '百花鸭']"
糟鸡,Cold Chicken Cooked in Wine,,糟鸡,1,1,1,1,1,['糟'],['糟鸡'],['糟鸡'],['糟鸡'],['糟鸡'],糟鸡,1,['糟鸡']
百花酿鸡片,pak far chicken with prawn meat stuffing,[],百花 百花酿 鸡片,1,1,1,2,2,['百花酿'],['百花酿'],['百花酿'],['百花'],"['百花', '酿']",百花酿,1,"['百花', '百花酿', '鸡片', '百花酿鸡片']"
金元鲍红烧肉,braised pork and abalone with soy sauce,[],金元 鲍 红烧 烧肉 红烧肉,2,3,1,1,1,"['金元鲍', '红烧肉']",['金元鲍红烧肉'],"['金元鲍', '红烧肉']",['红烧肉'],['金元鲍'],金元鲍 红烧肉,1,"['金元', '鲍', '红烧', '烧肉', '红烧肉', '金元鲍红烧肉']"
斋炸云吞,deep fried vegetarian won ton,[],斋炸 云吞,2,2,1,1,1,['云吞'],['斋炸云吞'],"['斋', '云吞']",['斋炸'],['云吞'],云吞,1,"['斋炸', '云吞', '斋炸云吞']"
白灼虾,Boiled Prawn,,白灼 虾,2,1,1,2,1,['白灼虾'],['白灼'],['白灼'],['白灼虾'],['白灼'],白灼,1,"['白灼', '虾', '白灼虾']"
东来顺精选牛眼肉,donglaishun superior beef eyes,[],东来 东来顺 精选 牛眼肉,1,1,2,1,1,['东来顺'],"['东来', '东来顺', '精选', '牛眼肉']",['东来顺'],['东来顺'],['东来顺'],东来顺,1,"['东来', '东来顺', '精选', '牛眼肉', '东来顺精选牛眼肉']"
海鲜锅粑,Scorched Rice with Seafood Served in Claypot,,海鲜 锅粑,1,2,1,1,1,['锅粑'],['锅粑'],['锅粑'],['锅巴'],['锅巴'],锅粑,1,"['海鲜', '锅粑', '海鲜锅粑']"
干锅虾球,dry wok prawn ball off the shell,[],干锅 虾球 匕术儿 锅 炒,1,1,1,2,2,['干锅'],"['干锅', '匕术儿']","['干锅', '匕术儿']",['匕术儿'],['匕术儿'],匕术儿,1,"['干锅', '虾球', '匕术儿', '锅', '炒', '干锅虾球匕术儿锅炒']"
奶皇包,custard bun,[],奶皇包,1,1,1,2,1,['奶皇包'],['奶皇'],['奶黄包'],['奶皇'],['奶皇包'],奶皇包 奶皇,1,['奶皇包']
云吞汤,won ton soup; wun tun soup; wonton soup; home won ton soup,"['Homemade chicken and vegetable dumplings served in a light broth']; []; ['Pork Dumpling, Chinese Cabbage, Corianda']",云吞 汤,1,1,1,1,1,['云吞'],['云吞汤'],['云吞'],['云吞'],['云吞'],云吞,1,"['云吞', '汤', '云吞汤']"
雷沙芝麻圆,sesame peanut glutinous rice ball,[],雷沙 芝麻 圆,1,2,1,2,1,['雷沙'],['雷沙'],"['雷沙', '芝麻圆']",['雷沙'],['雷沙'],雷沙,1,"['雷沙', '芝麻', '圆', '雷沙芝麻圆']"
毛头小丸子,little pork meatballs ; little pork meatballs with,['(pork with vermicelli)']; [],毛头 丸子 小丸子,1,2,1,2,1,['毛头'],['毛头'],['毛头小丸子'],['毛头'],[],毛头,1,"['毛头', '丸子', '小丸子', '毛头小丸子']"
金网脆皮鳗鱼肠粉,crispy eel cheung fun,[],金网 脆皮 鳗鱼 肠粉,1,1,2,2,1,"['肠粉', '金网']","['金网', '肠粉']","['金网', '肠粉']","['金网', '肠粉']",['肠粉'],肠粉,1,"['金网', '脆皮', '鳗鱼', '肠粉', '金网脆皮鳗鱼肠粉']"
古汁鱼块,fish fillet with sweet sour sauce,[],古汁 鱼块,1,1,1,2,1,['古汁'],"['古汁', '鱼块']",['古汁鱼块'],['古汁'],['古汁'],古汁,1,"['古汁', '鱼块', '古汁鱼块']"
冬瓜豆腐海皇羹,assorted seafood with winter melon,"['soup', 'Assorted seafood soup with tofu']",冬瓜 豆腐 海皇 羹,1,2,1,0,1,['海皇'],['海皇'],['海皇'],[],['海皇羹'],海皇,1,"['冬瓜', '豆腐', '海皇', '羹', '冬瓜豆腐海皇羹']"
蚵仔煎,Oyster omelette,,蚵 仔 煎,1,1,1,1,1,['蚵仔煎'],"['蚵', '仔', '煎']",['蚵仔煎'],['蚵仔煎'],['蚵仔煎'],蚵仔煎,1,"['蚵', '仔', '煎', '蚵仔煎']"
王府稣鱼,deep-fried fish with soy sauce,[],王府 稣 鱼,1,1,1,1,1,['王府稣鱼'],"['王府', '稣']",['王府酥鱼'],"['王府', '稣鱼']",['王府酥鱼'],王府 王府酥鱼,1,"['王府', '稣', '鱼', '王府稣鱼']"
椰香竹笙黄焖燕窝羹,braised birds nest with coconut and bamboo pith in superior stock,[],椰香 竹笙 黄焖 燕窝 羹,1,2,1,2,1,['黄焖'],"['椰香', '竹笙', '黄焖', '燕窝']","['黄焖', '燕窝']","['竹笙', '黄焖']",['黄焖'],黄焖,1,"['椰香', '竹笙', '黄焖', '燕窝', '羹', '椰香竹笙黄焖燕窝羹']"
高汤水饺,jiaozi in soup ,[],高汤 水饺,2,1,1,1,1,['高汤'],['高汤'],['高汤'],['高汤水饺'],['高汤'],高汤,1,"['高汤', '水饺', '高汤水饺']"
奶黄包,Custard bun,,奶黄 包,1,1,1,1,1,['奶黄包'],['奶黄'],['奶黄包'],['奶黄包'],[],奶黄包,1,"['奶黄', '包', '奶黄包']"
海皇一品汤,stewed assorted seafood in casserole,[],海皇 一品 汤,2,2,1,1,1,['海皇一品汤'],"['海皇', '一品']",['一品'],['海皇一品汤'],['一品汤'],海皇一品汤 一品,1,"['海皇', '一品', '汤', '海皇一品汤']"
羔蟹花雕酒,green crab steamed in yellow wine,[],羔蟹 花雕 花雕酒,3,1,1,0,1,['花雕酒'],"['羔蟹', '花雕']","['羔蟹', '花雕酒']",[],['花雕酒'],花雕酒,1,"['羔蟹', '花雕', '花雕酒', '羔蟹花雕酒']"
荷香珍珠鸡,Steamed Glutinous Rice with Chicken wrapped in Lotus Leaf; Steamed glutinous rice in lotus leaf,Xôi gà lá sen,荷香 珍珠 珍珠鸡,1,1,1,1,1,"['珍珠鸡', '荷香珍珠鸡']","['荷香', '珍珠']",['珍珠鸡'],[],['珍珠鸡'],珍珠鸡,1,"['荷香', '珍珠', '珍珠鸡', '荷香珍珠鸡']"
生煎饱,Pan fried pork bun,,生 煎 饱,1,1,1,1,2,['生煎饱'],['生煎'],['生煎包'],['生煎包'],['生煎'],生煎 生煎包,1,"['生', '煎', '饱', '生煎饱']"
五香鸡,Multi-Flavored Chicken,,五香 鸡,2,1,1,0,1,['五香鸡'],['五香'],['五香'],[],['五香'],五香,1,"['五香', '鸡', '五香鸡']"
瑶柱咸鱼鸭粒露笋炒饭,conpoy duck meat asparagus salted fish fried rice,[],瑶柱 咸鱼 鸭粒 露笋 炒饭,1,1,1,0,0,['瑶柱'],"['瑶柱', '咸鱼', '鸭粒', '露笋']","['瑶柱', '咸鱼', '鸭粒', '露笋']","['瑶柱', '露笋']",[],瑶柱,1,"['瑶柱', '咸鱼', '鸭粒', '露笋', '炒饭', '瑶柱咸鱼鸭粒露笋炒饭']"
干烧伊面,chinese mushroom and yee mein,[],干烧 伊面,1,1,1,1,1,['伊面'],['干烧伊面'],"['干烧', '伊面']","['干烧', '伊面']",[],伊面,1,"['干烧', '伊面', '干烧伊面']"
黑松露炒菌皇,sautéed assorted wild mushrooms topped with Shaved Black Truffles,[],黑松 露 炒 菌皇,1,1,1,1,1,['菌皇'],['黑松露炒菌皇'],['菌皇'],['菌皇'],['菌皇'],菌皇,1,"['黑松', '露', '炒', '菌皇', '黑松露炒菌皇']"
土茯苓炖山龟,stewed turtle with sarsaparilla,[],茯苓 土茯苓 炖 山龟,1,1,1,1,0,['土茯苓'],"['茯苓', '土茯苓', '炖', '山龟']","['土茯苓', '山龟']",['土茯苓'],[],土茯苓,1,"['茯苓', '土茯苓', '炖', '山龟', '土茯苓炖山龟']"
红油燃面,noodles in spicy sauce,"['322kcal', ""Din Tai Fung's signature Fried Rice"", 'owes its popularity to freshly prepared', 'ingredients and a skilled hand Taikeng', 'No Taiwanese Rice is specially', 'imported for its fragrance and texture', 'Free range eggs are added at just the', 'right temperature to coat every single']; ['322kcal', 'Pork Chop and Dry Noodles']",红油 燃面,2,1,1,1,1,['红油燃面'],"['红油', '燃面']",['燃面'],['燃面'],['燃面'],燃面,1,"['红油', '燃面', '红油燃面']"
黄炆汤一级官燕,royal superior one cup birds nest soup; royal superior one cup bird's nest soup,[],黄炆 汤 一级 官燕,1,1,1,2,2,"['黄炆', '官燕']",['黄炆汤一级官燕'],"['黄炆', '官燕']","['黄炆汤', '官燕']","['黄炆', '官燕']",官燕,1,"['黄炆', '汤', '一级', '官燕', '黄炆汤一级官燕']"
荔蓉炸芋角,taro croquette with pork and shrimp; deep fried prawn dumplings with salad cream,[]; ['contain pork'],荔蓉 炸芋 芋角,1,1,1,2,1,['荔蓉'],['荔蓉炸芋角'],['芋角'],"['荔蓉', '芋角']",['荔蓉'],荔蓉,1,"['荔蓉', '炸芋', '芋角', '荔蓉炸芋角']"
羔蟹花雕酒蒸姜葱炒椒盐,scallion/ sauteed with spices,[],羔蟹 花雕 花雕酒 蒸 姜葱 炒 椒盐,1,3,1,0,1,"['羔蟹', '花雕酒']","['羔蟹', '花雕', '花雕酒', '蒸', '姜葱', '炒', '椒盐']","['羔蟹', '花雕酒']",[],['花雕酒'],花雕酒,1,"['羔蟹', '花雕', '花雕酒', '蒸', '姜葱', '炒', '椒盐', '羔蟹花雕酒蒸姜葱炒椒盐']"
怪味煎粉贴,Pan-fried Green Chive Pork Dumpling,,怪味 煎 粉 贴,2,1,1,1,1,['怪味煎粉贴'],"['怪味', '粉', '贴']",['怪味煎粉贴'],['怪味煎粉贴'],['煎粉贴'],怪味煎粉贴,1,"['怪味', '煎', '粉', '贴', '怪味煎粉贴']"
瓦窑鸡,barbecued chicken,[],瓦窑 鸡,3,1,1,2,1,['瓦窑鸡'],['瓦窑'],['瓦窑鸡'],['瓦窑'],['瓦窑鸡'],瓦窑鸡,1,"['瓦窑', '鸡', '瓦窑鸡']"
豆汁儿,douzhir fermented soybean milk,[],豆汁 儿,1,2,1,1,2,['豆汁儿'],['豆汁儿'],['豆汁儿'],['豆汁儿'],['豆汁'],豆汁儿,1,"['豆汁', '儿', '豆汁儿']"
麻花,Hemp flowers,,麻花,1,1,1,1,1,['麻花'],['麻花'],['麻花'],['麻花'],['麻花'],麻花,1,['麻花']
脆皮烧肉虾胶,the cantonese barbecued pork crackling with prawnplum and truffle,[],脆皮 烧肉 虾胶,1,1,1,1,1,['虾胶'],"['脆皮', '烧肉']","['烧肉', '虾胶']",['虾胶'],['虾胶'],虾胶,1,"['脆皮', '烧肉', '虾胶', '脆皮烧肉虾胶']"
淮杞爆乳鸽,Stir-Fried Pigeonneau and Chinese Wolfberry,,淮杞 爆 乳鸽,3,1,1,0,1,['淮杞爆乳鸽'],"['淮杞', '爆', '乳鸽']","['淮杞', '乳鸽']",[],['淮杞'],淮杞,1,"['淮杞', '爆', '乳鸽', '淮杞爆乳鸽']"
木瓜甜红虾汤担子面,sweet red shrimp dantsu noodle soup with papaya,[],木瓜 甜红虾 汤 担子 面,1,1,1,2,1,['担子'],"['甜红虾', '担子']","['红虾', '担子面']","['担子', '面']",['担子面'],担子,1,"['木瓜', '甜红虾', '汤', '担子', '面', '木瓜甜红虾汤担子面']"
正宗担担面,Chen’s Original Spicy Dry Noodle,,正宗 担担面,1,1,1,1,1,['担担面'],"['正宗', '担担面']",['担担面'],['担担面'],['担担面'],担担面,1,"['正宗', '担担面', '正宗担担面']"
罗汉汤面汤米粉,monk's vegetarian oodle vermicelli soup,[],罗汉 汤,1,1,2,2,1,['罗汉'],['罗汉'],['罗汉'],['罗汉汤面汤米粉'],['罗汉汤'],罗汉,1,"['罗汉', '汤', '罗汉汤面汤米粉']"
辔菜什锦,assorted pickles,[],辔 菜 什锦,1,1,1,1,1,['辔菜'],"['辔', '菜', '什锦']","['辔菜', '什锦']",['什锦'],['辔菜'],辔菜 什锦,1,"['辔', '菜', '什锦', '辔菜什锦']"
百花蒸酿豆腐,Steamed Stuffed Bean Curd,[],百花 蒸酿 豆腐,1,1,1,1,2,['百花'],"['百花', '蒸酿']",['百花蒸酿'],['百花'],[],百花,1,"['百花', '蒸酿', '豆腐', '百花蒸酿豆腐']"
红油猪耳,sichuan style pig ears,[],红油 猪耳,0,1,0,1,0,['红油猪耳'],"['红油', '猪耳']",[],['红油'],[],红油,-1,"['红油', '猪耳', '红油猪耳']"
蒜香走地鸡,crispy chicken with crusted garlic,[],蒜 香 走 地 鸡,2,1,1,1,1,['走地鸡'],"['蒜香', '走地']",[],[],['走地鸡'],走地鸡,-1,"['蒜', '香', '走', '地', '鸡', '蒜香走地鸡']"
豉汁蒸凤爪,chicken feet in black bean sauce,[],豉汁 蒸 凤爪,1,1,0,1,0,['凤爪'],['豉汁'],[],['豉汁'],[],豉汁,-1,"['豉汁', '蒸', '凤爪', '豉汁蒸凤爪']"
沙爹汁,satay sauce,[],沙爹 汁,2,3,1,2,1,['沙爹汁'],['沙爹'],['沙爹'],['沙爹'],['沙爹汁'],沙爹,-1,"['沙爹', '汁', '沙爹汁']"
五香熏干,multi-spiced smoked tofu,[],五 香熏 干,2,3,1,0,1,['五香熏干'],['五香熏干'],"['五香', '熏干']",[],['五香'],五香熏干 五香,-1,"['五', '香熏', '干', '五香熏干']"
浓汁鱼唇,fish snout soup,[],浓汁 鱼唇,2,2,1,1,0,['浓汁鱼唇'],"['浓汁', '鱼唇']",['鱼唇'],['鱼唇'],[],鱼唇,-1,"['浓汁', '鱼唇', '浓汁鱼唇']"
肉夹馍,xian with sesame coriander and chilli and xinjiang pomegranate salad; xian city with sesame coriander and chilli and xinjiang pomegranate salad,[],肉夹馍,1,3,2,0,2,['肉夹馍'],['肉夹馍'],['肉夹馍'],[],['肉夹馍'],肉夹馍,-1,['肉夹馍']
雪圆子,snow balls,[],雪 圆子,3,2,1,3,2,['雪圆子'],"['雪', '圆子']",['雪圆子'],['雪圆子'],['雪圆子'],雪圆子,-1,"['雪', '圆子', '雪圆子']"
避风塘焗鱼云,"braised fish head, fishermen’s style",[],避风 避风塘 焗 鱼云,3,3,1,2,2,['避风塘焗鱼云'],['避风塘焗鱼云'],"['避风塘', '鱼云']",['避风塘焗鱼云'],"['避风塘', '鱼云']",避风塘焗鱼云,-1,"['避风', '避风塘', '焗', '鱼云', '避风塘焗鱼云']"
风味茄子,sweet and spicy aubergine deep fried ethnic style,[],风味 茄子,2,2,0,0,1,['风味茄子'],['风味'],[],[],['风味茄子'],风味茄子,-1,"['风味', '茄子', '风味茄子']"
酸甜辔菜,sweet and sour pickled vegetables,[],酸甜 辔菜,1,1,1,2,0,['辔菜'],['辔菜'],['辔菜'],['辔菜'],[],辔菜,-1,"['酸甜', '辔菜', '酸甜辔菜']"
枣生栗子鸡,"stewed chicken with jujubes, peanuts and chestnuts ",[],枣生 栗子 鸡,2,1,0,0,2,"['枣生', '栗子鸡']",['枣生'],[],[],['枣生栗子鸡'],枣生,-1,"['枣生', '栗子', '鸡', '枣生栗子鸡']"
红曲鸭膀,braised duck wings seasoned with red yeast,[],红曲 鸭膀,2,2,1,2,1,['红曲鸭膀'],"['红曲', '鸭膀']",['红曲'],['红曲'],['红曲'],红曲,-1,"['红曲', '鸭膀', '红曲鸭膀']"
油辔龙球,quick fried dover sole fillet with seasonal green,[],油辔 龙球,2,3,1,2,1,['油辔龙球'],"['油辔', '龙球']",['油辔'],"['油辔', '龙球']",['油辔'],油辔,-1,"['油辔', '龙球', '油辔龙球']"
碧绿鲜带子,Braised Scallops with Green Vegetables,,碧绿 鲜 带子,2,2,1,0,0,"['碧绿', '碧绿鲜带子']","['碧绿', '鲜', '带子']",['碧绿鲜带子'],[],[],碧绿 碧绿鲜带子,-1,"['碧绿', '鲜', '带子', '碧绿鲜带子']"
南乳咯咯肉,Fried sliced pork belly with fermented bean curd,Thịt heo ba rọi chiên chao đỏ,南乳 咯咯 肉,3,3,1,1,2,['南乳咯咯肉'],['南乳咯咯肉'],"['南乳', '咯咯肉']",['南乳咯咯肉'],"['南乳', '咯咯肉']",南乳咯咯肉,-1,"['南乳', '咯咯', '肉', '南乳咯咯肉']"
雪蛤海皇羹,hasma and scallop thick soup,[],雪 蛤 海皇 羹,2,3,1,2,1,['海皇羹'],"['海皇','海皇羹']",['海皇'],"['雪蛤', '海皇']",['海皇羹'],海皇,-1,"['雪', '蛤', '海皇', '羹', '雪蛤海皇羹']"
时日老火靓汤,Soup of the Day,,时日 老火 靓汤,2,3,1,1,2,['老火靓汤'],['时日老火靓汤'],"['时日', '老火靓汤']",['老火靓汤'],['时日老火靓汤'],老火靓汤,-1,"['时日', '老火', '靓汤', '时日老火靓汤']"
麻辣鸭胗,duck gizzard with chili and hot pepper,[],麻辣 鸭 胗,2,2,0,0,0,['鸭胗'],"['鸭', '胗']",[],[],[],鸭胗 鸭 胗,-1,"['麻辣', '鸭', '胗', '麻辣鸭胗']"
红胶官燕,Braised Bird’s Nest and Seaweed,,红胶 官燕,2,3,1,0,1,['红胶官燕'],"['红胶', '官燕']",['红胶官燕'],[],['官燕'],红胶官燕 官燕,-1,"['红胶', '官燕', '红胶官燕']"
红烧石斑,"Braised garoupa fillet with ""Chu Hou"" sauce in clay pot",Cá mú phi lê hầm tương Trụ Hầu trong nồi đất,红烧 石斑,0,0,0,0,0,['红烧'],['红烧石斑'],[],['石斑'],[],红烧 红烧石斑 石斑,-1,"['红烧', '石斑', '红烧石斑']"
天外天百子鸭,sweet and spicy duck dome,[],天外 天外天 百子 鸭 百子鸭,1,1,2,3,2,['百子鸭'],"['天外', '天外天', '百子']",['天外天'],"['天外天', '百子鸭']",['天外天'],天外天,-1,"['天外', '天外天', '百子', '鸭', '百子鸭', '天外天百子鸭']"
溜肉段,Crispy Stir Fried Pork Tenderloin; Sauteed Tender Pork with Green Pepper,,溜肉段,3,3,2,1,2,['溜肉段'],['溜肉段'],['溜肉段'],['溜肉段'],['溜肉段'],溜肉段,-1,['溜肉段']
梅菜扣肉,Steamed Pork with Preserved Vegetables; Steamed Pork with Preserved Vegetable,,梅菜 扣肉,2,3,2,1,1,['梅菜扣肉'],"['梅菜', '扣肉']",['梅菜扣肉'],['梅菜扣肉'],['扣肉'],梅菜扣肉,-1,"['梅菜', '扣肉', '梅菜扣肉']"
羊蝎子,"lamb spine, hotpot style",[],蝎子 羊蝎子,3,3,2,1,2,['羊蝎子'],['羊蝎子'],['羊蝎子'],['羊蝎子'],['羊蝎子'],羊蝎子,-1,"['蝎子', '羊蝎子']"
家常鸡杂饭,rice with chicken giblets,[],家常 鸡杂 饭,1,1,1,1,1,['家常'],"['家常', '鸡杂']","['家常', '鸡杂']",['家常'],['家常'],家常,-1,"['家常', '鸡杂', '饭', '家常鸡杂饭']"
旭日黑毛猪叉烧皇,honey glazed iberico char siu with salted egg yolk,[],旭日 黑 毛猪 叉烧 皇,2,3,1,2,1,['叉烧皇'],"['旭日', '黑', '毛猪', '叉烧', '皇']","['旭日', '黑毛猪', '叉烧']",['旭日'],['叉烧皇'],旭日,-1,"['旭日', '黑', '毛猪', '叉烧', '皇', '旭日黑毛猪叉烧皇']"
果皇糕,baked fruit cake,[],果皇糕,3,3,1,2,1,['果皇糕'],['果皇糕'],['果皇'],['果皇糕'],['果皇糕'],果皇糕,-1,['果皇糕']
鸡茸鱼翅,shark fin with minced chicken; Braised Shark Fin with Sliced Chicken,[],鸡茸 鱼翅,2,2,1,1,0,['鸡茸'],"['鸡茸', '鱼翅']",[],['鸡茸鱼翅'],[],鸡茸,-1,"['鸡茸', '鱼翅', '鸡茸鱼翅']"
凤尾群翅,Braised Shark’Fin Like Phoenix Tail,,凤尾群翅,3,2,1,1,2,['凤尾群翅'],['凤尾群翅'],['凤尾'],['凤尾群翅'],['凤尾群翅'],凤尾群翅,-1,['凤尾群翅']
五香脆鳝,sauteed shredded eel with spicy sauce ,[],五 香脆 鳝,2,3,1,0,1,['五香脆鳝'],['五香脆鳝'],['五香'],[],['五香'],五香脆鳝 五香,-1,"['五', '香脆', '鳝', '五香脆鳝']"
沙爹串鸡,Chicken satay on skewered sesame prawn,[],云吞 春卷 虾多士 红骨 海草 沙爹 串 鸡,3,3,1,0,2,"['虾多士', '沙爹']",['云吞春卷虾多士红骨海草沙爹串鸡'],"['云吞', '春卷', '虾多士', '红骨海草', '沙爹']",[],"['云吞', '多士', '红骨']",虾多士 沙爹 云吞,-1,"['云吞', '春卷', '虾多士', '红骨', '海草', '沙爹', '串', '鸡', '云吞春卷虾多士红骨海草沙爹串鸡']"
花蟹蒸蛋,steamed blue crab with egg,[],花蟹 蒸蛋,0,0,0,0,0,[],[],[],[],[],花蟹,-1,"['花蟹', '蒸蛋', '花蟹蒸蛋']"
豉汁煎酿双宝,yin yan pak far tofu and aubergine pieces,['Tofu and Aubergine Stuffed with Prawn Meat in Garlic Black Bean Sauce']; ['Tofu and Aubergine Stuffed with Pak Far Prawn Meat in Garlic Black Bean Sauce'],豉汁 煎酿 双宝,3,3,1,2,1,['双宝'],"['豉汁', '煎酿', '双宝']",['双宝'],"['豉汁', '双宝']",['煎酿双宝'],双宝,-1,"['豉汁', '煎酿', '双宝', '豉汁煎酿双宝']"
滑蛋牛肉粥,beef and egg congee,['Chicken Feet with Pickled'],滑蛋 牛肉 粥 辔 椒 凤爪,2,1,1,2,0,['凤爪'],"['滑蛋', '辔', '椒', '凤爪']",['辔椒'],['辔'],[],凤爪 辔,-1,"['滑蛋', '牛肉', '粥', '辔', '椒', '凤爪', '滑蛋牛肉粥辔椒凤爪']"
王府清汤官燕,bird’s nest clear soup,[],王府 清汤 官燕,3,1,1,2,2,['王府清汤官燕'],"['王府', '官燕']",['王府官燕'],"['王府', '官燕']",['官燕'],官燕,-1,"['王府', '清汤', '官燕', '王府清汤官燕']"
五味牛腱,multi-spiced beef shank,[],五味 牛腱,2,1,1,2,0,['五味牛腱'],"['五味', '牛腱']",['五味'],['五味'],[],五味,-1,"['五味', '牛腱', '五味牛腱']"
红烧鲍翅燕,"braised abalone, shark fin and bird’s nest ",[],红烧 鲍翅燕,2,3,1,0,1,['鲍翅燕'],['鲍翅燕'],['鲍翅燕'],[],['鲍翅燕'],鲍翅燕,-1,"['红烧', '鲍翅燕', '红烧鲍翅燕']"
符离集烧鸡,"Roast Chicken, Fuliji Style",,符离集 烧鸡,1,1,1,1,1,['符离集'],['符离集'],['符离集烧鸡'],['符离集烧鸡'],['符离集烧鸡'],符离集烧鸡,-1,"['符离集', '烧鸡', '符离集烧鸡']"
蚝皇叉烧饱,roast pork buns char siu bun,[],蚝 皇 叉烧 饱,2,3,1,0,1,['蚝皇'],['蚝皇叉烧饱'],['蚝皇叉烧包'],[],['叉烧包'],蚝皇 蚝皇叉烧饱 蚝皇叉烧包 叉烧包,-1,"['蚝', '皇', '叉烧', '饱', '蚝皇叉烧饱']"
鲍汁扣三宝,"braised sea cucumber, goose webs and mushrooms in abalone sauce",[],鲍汁 扣 三宝,3,3,2,2,1,['三宝'],['鲍汁扣三宝'],['三宝'],['三宝'],['三宝'],三宝,-1,"['鲍汁', '扣', '三宝', '鲍汁扣三宝']"
千丝萝卜酥,crispy radish dumplings,[]; ['Durian Crisp V'],千丝 萝卜 酥,2,2,1,1,0,['千丝萝卜酥'],"['千丝', '酥']",['千丝'],['千丝'],[],千丝,-1,"['千丝', '萝卜', '酥', '千丝萝卜酥']"
双菇炒三丝,stir fried mushroom sugar snap silver sprouts and mange tout,[],双菇 炒 三丝,1,1,1,1,1,['三丝'],['三丝'],['三丝'],"['双菇', '三丝']",[],三丝,-1,"['双菇', '炒', '三丝', '双菇炒三丝']"
土笋冻,boiled seaward embedded in cold jellyfish,,土笋冻,3,3,3,3,3,['土笋冻'],['土笋冻'],['土笋冻'],['土笋冻'],['土笋冻'],土笋冻,-1,['土笋冻']
至尊点心八部曲,supreme royal dim sum platter,[],至尊 点心 八部 曲,3,3,1,2,0,['至尊点心八部曲'],['至尊点心八部曲'],['点心八部曲'],"['至尊', '八部曲']",[],至尊点心八部曲,-1,"['至尊', '点心', '八部', '曲', '至尊点心八部曲']"
口水鸡,cold chicken appetizer with hot sauce; poached chicken with house special chilli oil sauce - cold dish,[],口水 水鸡 口水鸡,2,2,2,2,2,['口水鸡'],"['口水', '水鸡', '口水鸡']",['口水鸡'],['口水'],['口水鸡'],口水鸡,-1,"['口水', '水鸡', '口水鸡']"
大千子鸡,painter daqian recipe chicken with dried chilli,"['Chicken, Dried Chilli, Green & Red Pepper']",大千 大千子 鸡,1,1,2,1,2,"['大千', '大千子']","['大千', '大千子']",['大千子鸡'],['大千子鸡'],['大千子鸡'],大千子鸡,-1,"['大千', '大千子', '鸡', '大千子鸡']"
冰糖葫芦,"crispy sugar-coated fruit haws, yam, etc. on a ; stick",[],冰糖 葫芦 糖葫芦 冰糖葫芦,1,2,3,2,3,"['糖葫芦', '葫芦']",['冰糖葫芦'],['冰糖葫芦'],['葫芦'],['糖葫芦'],糖葫芦 葫芦 冰糖葫芦,-1,"['冰糖', '葫芦', '糖葫芦', '冰糖葫芦']"
波黑战争,Stir-fried Spinach with Black Fungus,,波黑战争,3,3,3,3,3,['波黑战争'],['波黑战争'],['波黑战争'],['波黑战争'],['波黑战争'],波黑战争,3,['波黑战争']
乌龙吐珠,sea cucumber with quail eggs,[],乌龙 吐珠,3,3,3,3,3,['乌龙吐珠'],['吐珠'],['乌龙吐珠'],['乌龙吐珠'],['乌龙吐珠'],乌龙吐珠,3,"['乌龙', '吐珠', '乌龙吐珠']"
杨枝金露,mango and tapioca sweet soup,[],杨枝 金露,3,3,3,3,3,['杨枝金露'],"['杨枝', '金露']",['杨枝金露'],['杨枝金露'],['杨枝金露'],杨枝金露,3,"['杨枝', '金露', '杨枝金露']"
佛跳墙,fotiaoqiang steamed abalone with shark fin and fish maw in ; Buddha jumps over the wall; Buddha Jumping over the Wall; buddha jumps over the wall; Buddha jump over the wall soup,[]; ['For people need to book five days in advance']; Súp Phật nhảy tường,跳墙 佛跳墙,3,3,3,3,3,['佛跳墙'],"['跳墙', '佛跳墙']",['佛跳墙'],['佛跳墙'],['佛跳墙'],佛跳墙,3,"['跳墙', '佛跳墙']"
竹爆平安,white bamboo shrimp,,竹爆平安,3,3,3,3,3,['竹爆平安'],['竹爆平安'],['竹爆平安'],['竹爆平安'],['竹爆平安'],竹爆平安,3,['竹爆平安']
菜胆肘子炖海中宝,"stewed fish maw, sea cucumber and ham with green vegetable",[],菜胆 肘子 炖 海中 海中宝,3,3,3,2,1,['海中宝'],['菜胆肘子炖海中宝'],[],"['菜胆', '海中宝']",['海中宝'],海中宝,3,"['菜胆', '肘子', '炖', '海中', '海中宝', '菜胆肘子炖海中宝']"
炸两,Zhaliang; rice noodle roll around youtiao,,炸 两,3,3,3,3,3,['炸两'],['炸两'],['炸两'],['炸两'],['炸两'],炸两,3,"['炸', '两', '炸两']"
爱玉,Vegetarian gelatin,,爱玉,3,3,3,3,3,['爱玉'],['爱玉'],['爱玉'],['爱玉'],['爱玉'],爱玉,3,['爱玉']
乱棍打死猪八戒,Stir-fried Pork with Garlic Scapes,,乱棍打死猪八戒,3,3,3,3,3,['乱棍打死猪八戒'],['乱棍打死猪八戒'],['乱棍打死猪八戒'],['乱棍打死猪八戒'],['猪八戒'],乱棍打死猪八戒,3,['乱棍打死猪八戒']
腌笃鲜,shanghai specialty in casserole,[],腌笃鲜,3,3,1,2,3,['腌笃鲜'],['腌笃鲜'],['腌笃鲜'],['腌笃鲜'],['腌笃鲜'],腌笃鲜,3,['腌笃鲜']
牡丹王寿眉,te guan yin tea,[],牡丹 王寿眉,3,3,3,3,3,['王寿眉'],['王寿眉'],['牡丹王寿眉'],['牡丹王寿眉'],['牡丹王寿眉'],牡丹王寿眉,3,"['牡丹', '王寿眉', '牡丹王寿眉']"
黑熊耍棍,Stir-fried Black Fungus with Bean Sprouts,,黑熊耍棍,3,3,3,3,3,['黑熊耍棍'],['黑熊耍棍'],['黑熊耍棍'],['黑熊耍棍'],['黑熊耍棍'],黑熊耍棍,3,['黑熊耍棍']
蝦多士,sesame prawn on toast,[],蝦多士,3,3,1,3,1,['蝦多士'],['蝦多士'],['蝦多士'],['蝦多士'],['多士'],蝦多士,3,['蝦多士']
上等铁观音,fine goddess of mercy,[],上 等 观音 铁观音,3,3,3,3,3,['铁观音'],['上等铁观音'],['铁观音'],['铁观音'],['铁观音'],铁观音,3,"['上', '等', '观音', '铁观音', '上等铁观音']"
鸡肉杂水,c chicken chop suey,[],鸡肉 杂水,3,3,3,3,3,['杂水'],['杂水'],['杂水'],['杂水'],['杂水'],杂水,3,"['鸡肉', '杂水', '鸡肉杂水']"
红灯区,Spicy Diced Chicken,,红灯区,3,3,3,3,3,['红灯区'],['红灯区'],['红灯区'],['红灯区'],['红灯区'],红灯区,3,['红灯区']
对牛弹琴,Stir-fried Beef with Celery,,对牛弹琴,3,3,3,3,3,['对牛弹琴'],['对牛弹琴'],['对牛弹琴'],['对牛弹琴'],['对牛弹琴'],对牛弹琴,3,['对牛弹琴']
杨枝甘露,mango pomelo sago v; Fresh mango soup with sago and pomelo,Chè dương chi bột báng; [],杨枝 甘露,3,3,3,3,3,['杨枝甘露'],"['杨枝', '甘露']",['杨枝甘露'],['杨枝甘露'],['杨枝甘露'],杨枝甘露,3,"['杨枝', '甘露', '杨枝甘露']"
绿耳仙霞,"stir fried cloud fungus, lily bulb, gai lan, shiitake and macadamia; stir fried cloud fungus lily bulb gai lan shiitake and macadamia nut; stir fried cloud fungus lily bulb gai lan shiitake and macadamia",['(v)'],绿耳 仙霞,3,3,3,2,3,['绿耳仙霞'],['绿耳仙霞'],['绿耳仙霞'],"['绿耳', '仙霞']",['绿耳仙霞'],绿耳仙霞,3,"['绿耳', '仙霞', '绿耳仙霞']"
半月沉江,Gluten Balls in Savory Herbal Broth,,半月沉江,3,3,3,3,3,['半月沉江'],['半月沉江'],['半月沉江'],['半月沉江'],['半月沉江'],半月沉江,3,['半月沉江']
走在乡间小路上,Braised pig trotters with greens,,走在乡间小路上,3,3,3,3,3,['走在乡间小路上'],['走在乡间小路上'],['走在乡间小路上'],['走在乡间小路上'],['走在乡间小路上'],走在乡间小路上,3,['走在乡间小路上']
悄悄话,Pork Tongue with Pork Ears,,悄悄话,3,3,3,3,3,['悄悄话'],['悄悄话'],['悄悄话'],['悄悄话'],['悄悄话'],悄悄话,3,['悄悄话']
三不沾,Non-Stick Egg Pudding,,三不沾,3,3,3,3,3,['三不沾'],['三不沾'],['三不沾'],['三不沾'],['三不沾'],三不沾,3,['三不沾']
母子相会,Stir-fried Soybeans with Bean Sprouts,,母子相会,3,3,3,3,3,['母子相会'],['母子相会'],['母子相会'],['母子相会'],['母子相会'],母子相会,3,['母子相会']
大救驾,Scrambled Ear Piece,,大救驾,3,3,3,3,2,['大救驾'],['大救驾'],['大救驾'],['大救驾'],['大救驾'],大救驾,3,['大救驾']
夫妻肺片,Fuqi Feipian; sliced beef and ox tongue in chili sauce; man and wife offal slices; sliced beef and ox tongue in chilli sauce; sliced beef and tripe with chilli oil,[],夫妻肺片,3,3,3,3,3,['夫妻肺片'],['夫妻肺片'],['夫妻肺片'],['夫妻肺片'],[],夫妻肺片,3,['夫妻肺片']
乾坤牛掌,Braised Beef Hoof,,乾坤牛掌,3,3,3,3,2,['乾坤牛掌'],['乾坤牛掌'],['乾坤牛掌'],['乾坤牛掌'],['乾坤牛掌'],乾坤牛掌,3,['乾坤牛掌']
扒广肚,Braised fish maw,,扒广肚,3,3,1,3,2,['扒广肚'],['扒广肚'],['广肚'],['扒广肚'],['扒广肚'],扒广肚,3,['扒广肚']
小二黑结婚,Two peeled braised eggs,,小二黑结婚,3,3,3,3,3,['小二黑结婚'],['小二黑结婚'],['小二黑结婚'],['小二黑结婚'],['小二黑结婚'],小二黑结婚,3,['小二黑结婚']
全家福,Stewed Assorted Delicacies,,全家福,3,2,3,3,3,['全家福'],['全家福'],['全家福'],['全家福'],['全家福'],全家福,3,['全家福']
汆西施舌,Egg soup with clams,,汆西施舌,3,3,3,1,3,['汆西施舌'],['汆西施舌'],['汆西施舌'],['汆西施舌'],['汆西施舌'],汆西施舌,3,['汆西施舌']
金汤佛跳墙,monk jumps over the wall,[],金汤 跳墙 佛跳墙,3,3,3,3,3,['佛跳墙'],['金汤佛跳墙'],"['金汤', '佛跳墙']","['金汤', '跳墙', '佛跳墙']",['佛跳墙'],佛跳墙,3,"['金汤', '跳墙', '佛跳墙', '金汤佛跳墙']"
金蟾望月,Braised Frog-Shaped Abalone,,金蟾 望月,3,2,3,2,3,['金蟾望月'],"['金蟾', '望月']",['金蟾望月'],['金蟾望月'],['金蟾望月'],金蟾望月,3,"['金蟾', '望月', '金蟾望月']"
一碗香,special cooked braised pork belly,[],一碗 香,3,3,3,3,3,['一碗香'],['一碗香'],['一碗香'],['一碗香'],['一碗香'],一碗香,3,"['一碗', '香', '一碗香']"
马蚁上树,ants climbing up a tree,"['Bean thread glass vermicelli cooked with finely chopped spicy minced pork and chilli flakes in soup', 'When the vermicelli is picked up with chopsticks the minced pork resemble ants climbing up a tree']",马蚁 上 树,3,3,3,3,3,['马蚁上树'],['马蚁上树'],['蚂蚁上树'],['马蚁上树'],['蚂蚁上树'],马蚁上树,3,"['马蚁', '上', '树', '马蚁上树']"
凤眼秋波芋艿,deep-fried taro roots and quail eggs,[],凤眼 秋波 芋艿,3,3,1,3,1,['凤眼秋波芋艿'],"['凤眼', '秋波', '芋艿']","['凤眼', '秋波', '芋艿']","['凤眼', '秋波', '芋艿']",['风眼秋波'],凤眼 秋波 芋艿,3,"['凤眼', '秋波', '芋艿', '凤眼秋波芋艿']"
它似蜜,Fried Sheep Fillet Slice,,它 似蜜,3,3,3,3,3,['它似蜜'],['它似蜜'],['它似蜜'],['它似蜜'],['它似蜜'],它似蜜,3,"['它', '似蜜', '它似蜜']"
富贵牛大运,braised yak head,,富贵牛大运,3,3,3,3,3,['富贵牛大运'],['富贵牛大运'],['富贵牛大运'],['富贵牛大运'],['富贵牛大运'],富贵牛大运,3,['富贵牛大运']
干拌顺风,pig ear in chili sauce,[],干拌 顺风,1,3,3,3,2,['顺风'],"['干拌', '顺风']",['顺风'],"['干拌', '顺风']",['顺风'],顺风,3,"['干拌', '顺风', '干拌顺风']"
青龙过江,Clear Soup with Floating Scallions,,青龙过江,3,3,3,3,3,['青龙过江'],['青龙过江'],['青龙过江'],['青龙过江'],['青龙过江'],青龙过江,3,['青龙过江']
猴子捞月,Vinegar with a drizzle of oil,,猴子捞月,3,3,3,3,3,['猴子捞月'],['猴子捞月'],['猴子捞月'],['猴子捞月'],['猴子捞月'],猴子捞月,3,['猴子捞月']
火焰山飘雪,Tomatoes with sugar,,火焰山飘雪,3,2,3,3,3,['火焰山飘雪'],['火焰山飘雪'],['火焰山飘雪'],['火焰山飘雪'],['火焰山飘雪'],火焰山飘雪,3,['火焰山飘雪']
艾窝窝,aiwowo steamed rice cakes with sweet stufing,[],窝窝 艾窝窝,3,3,1,3,3,['艾窝窝'],"['窝窝', '艾窝窝']",['艾窝窝'],['艾窝窝'],['艾窝窝'],艾窝窝,3,"['窝窝', '艾窝窝']"
辔芙,choux bun filled with vanilla custard,[],辔 芙,3,3,1,3,3,['辔芙'],"['辔', '芙']",['辔芙'],"['辔', '芙']",['辔芙'],辔芙,3,"['辔', '芙', '辔芙']"
乡村大丰收,Assorted Vegetable Salad,,乡村 大丰收,3,2,3,3,3,['乡村大丰收'],"['乡村', '大丰收']",['乡村大丰收'],['乡村大丰收'],['乡村大丰收'],乡村大丰收,3,"['乡村', '大丰收', '乡村大丰收']"
蚂蚁上树,Vermicelli with Spicy Minced Pork; Ants Climbing Trees,,蚂蚁 上 树,3,3,3,3,3,['蚂蚁上树'],['蚂蚁上树'],['蚂蚁上树'],['蚂蚁上树'],['蚂蚁上树'],蚂蚁上树,3,"['蚂蚁', '上', '树', '蚂蚁上树']"
霸王别姬,Soft-shelled Turtle stew chicken,,霸王别姬,3,3,3,3,3,['霸王别姬'],['霸王别姬'],['霸王别姬'],['霸王别姬'],['霸王别姬'],霸王别姬,3,['霸王别姬']
铁板掌中宝,Chicken Feet Served on Sizzling Iron Plate,,铁板 掌中 掌中宝,3,3,3,2,2,['掌中宝'],['铁板掌中宝'],"['铁板', '掌中宝']",['掌中宝'],['掌中宝'],掌中宝,3,"['铁板', '掌中', '掌中宝', '铁板掌中宝']"
青海三烧,Braised Lamb Tendons with Beef Meatballs and Potatoe,,青海三烧,3,3,3,2,2,['青海三烧'],"['青海', '三烧']",['青海三烧'],['青海三烧'],['三烧'],青海三烧,3,['青海三烧']
乌云遮日,Seaweed and Egg Drop Soup,,乌云遮日,3,2,3,3,3,['乌云遮日'],['乌云遮日'],['乌云遮日'],['乌云遮日'],['乌云遮日'],乌云遮日,3,['乌云遮日']
如意发菜,Fat Choy,,如意发菜,2,2,2,2,2,['如意发菜'],['如意发菜'],"['如意', '发菜']",['如意发菜'],['如意发菜'],如意发菜,3,['如意发菜']
骨肉相连串,Chicken Kebabs,,骨肉 相连 骨肉相连 串,3,3,3,3,3,['骨肉相连'],"['骨肉', '相连', '骨肉相连']",['骨肉相连'],['骨肉相连'],['骨肉相连'],骨肉相连,3,"['骨肉', '相连', '骨肉相连', '串', '骨肉相连串']"
金汤佛跳墙烩饭,monk jumps over the wall with crispy rice,[],金汤 跳墙 佛跳墙 烩饭,3,1,3,2,3,['佛跳墙'],['金汤佛跳墙烩饭'],"['金汤', '佛跳墙']","['金汤', '佛跳墙', '烩饭']",['佛跳墙'],佛跳墙,3,"['金汤', '跳墙', '佛跳墙', '烩饭', '金汤佛跳墙烩饭']"
翡翠金银玉带,sauteed scallops and greens,[],翡翠 金银 玉带,3,2,2,3,3,['翡翠金银玉带'],"['翡翠', '金银', '玉带']",['翡翠金银玉带'],"['翡翠', '金银', '玉带']",['翡翠金银玉带'],翡翠金银玉带,3,"['翡翠', '金银', '玉带', '翡翠金银玉带']"
美点映双辉,double delight of asian dessert,[],美点 映 双辉,3,3,3,3,3,['美点映双辉'],['美点映双辉'],['美点映双辉'],"['美点', '映', '双辉']",['美点映双辉'],美点映双辉,3,"['美点', '映', '双辉', '美点映双辉']"
杨枝甘露冷,mango pomelo sago chilled,"['78kcal']; ['78kcal', 'Vegan']",杨枝 甘露 冷 杨枝甘露,3,3,3,3,3,['杨枝甘露'],['杨枝甘露冷'],['杨枝甘露'],['杨枝甘露'],['杨枝甘露'],杨枝甘露,3,"['杨枝', '甘露', '冷', '杨枝甘露', '杨枝甘露冷']"
烧二冬,braised black mushrooms and bamboo shoots,[],烧二冬,3,3,2,2,3,['烧二冬'],['烧二冬'],['二冬'],['二冬'],['烧二冬'],烧二冬,3,['烧二冬']
满汉全席,Manchu–Han Imperial Feast,,满汉全席,3,3,3,3,3,['满汉全席'],['满汉全席'],['满汉全席'],['满汉全席'],['满汉全席'],满汉全席,3,['满汉全席']
南乳罗汉斋,stir fried lo han vegetables,[],南乳 罗汉斋 罗汉,3,3,1,3,1,"['罗汉斋', '罗汉']","['南乳', '罗汉斋', '罗汉']","['南乳', '罗汉斋']","['南乳', '罗汉斋', '罗汉']","['南乳', '罗汉斋']",罗汉斋,3,"['南乳', '罗汉斋', '罗汉', '南乳罗汉斋']"
穿过你的黑发我的手,Stewed Pig Trotters with Kelp,,穿过你的黑发我的手,3,3,3,3,3,['穿过你的黑发我的手'],['穿过你的黑发我的手'],['穿过你的黑发我的手'],['穿过你的黑发我的手'],['穿过你的黑发我的手'],穿过你的黑发我的手,3,['穿过你的黑发我的手']
招牌杂水,Special Chop Suey with Mixed Meat and Prawn,"['133S', '']",招牌 杂水,3,3,3,3,3,['杂水'],"['招牌', '杂水']",['招牌杂水'],['杂水'],['杂水'],杂水,3,"['招牌', '杂水', '招牌杂水']"
油辔海中宝,quick fried sea treasures monk fish scallops king prawns; quick fried sea treasures,[],油辔 海中 海中宝,3,3,1,3,2,['海中宝'],['油辔海中宝'],['油辔'],"['油辔', '海中宝']",['油辔'],油辔,3,"['油辔', '海中', '海中宝', '油辔海中宝']"
关公战秦琼,Stir-fried Tomatoes with Eggs,,关公战秦琼,3,3,3,3,3,['关公战秦琼'],['关公战秦琼'],['关公战秦琼'],['关公战秦琼'],['关公战秦琼'],关公战秦琼,3,['关公战秦琼']
东波海皇羹,spinach and seafood soup,[],东 波海 皇羹,3,3,1,2,3,['东波海皇羹'],['东波海皇羹'],"['东波', '海皇']","['东波海', '皇羹']",['东波海皇羹'],东波海皇羹,3,"['东', '波海', '皇羹', '东波海皇羹']"
花毛一体,Steamed Edamame and Peanuts,,花毛一体,3,3,3,3,3,['花毛一体'],['花毛一体'],['花毛一体'],['花毛一体'],['花毛一体'],花毛一体,3,['花毛一体']
山城血旺,Sautéed Eel with Duck Blood Curd,,山城 血旺,3,3,3,3,3,['山城血旺'],['山城血旺'],['山城血旺'],['山城血旺'],"['山城', '血旺']",山城血旺,3,"['山城', '血旺', '山城血旺']"
驴打滚,lǘdagunr - glutinous rice rolls stuffed with red bean paste,[],打滚 驴打滚,3,3,3,3,3,['驴打滚'],"['打滚', '驴打滚']",['驴打滚'],['驴打滚'],['驴打滚'],驴打滚,3,"['打滚', '驴打滚']"
火辣的吻,Stir-fried Pig Snout with Chili Peppers,,火辣的吻,3,3,3,3,3,['火辣的吻'],['火辣的吻'],['火辣的吻'],['火辣的吻'],['火辣的吻'],火辣的吻,3,['火辣的吻']
葡汁海中宝,sea treasures in coconut milk curry sauce,[],葡汁 海中 海中宝,3,3,3,3,3,['海中宝'],['葡汁海中宝'],['葡汁'],"['葡汁', '海中宝']",['海中宝'],海中宝,3,"['葡汁', '海中', '海中宝', '葡汁海中宝']"
游龙戏凤,"Chicken, Shrimp, Squid with Mixed Vegetable",,游龙戏凤,3,3,3,3,3,['游龙戏凤'],['游龙戏凤'],['游龙戏凤'],['游龙戏凤'],['游龙戏凤'],游龙戏凤,3,['游龙戏凤']
猛龙过江,Clear Soup with Floating Scallions,,猛龙过江,3,2,3,3,3,['猛龙过江'],['猛龙过江'],['猛龙过江'],['猛龙过江'],['猛龙过江'],猛龙过江,3,['猛龙过江']
铁板掌中宝,chicken feet served on sizzling iron plate ,[],铁板 掌中 掌中宝,3,3,3,2,0,['掌中宝'],['铁板掌中宝'],"['铁板', '掌中宝']",['掌中宝'],[],掌中宝,3,"['铁板', '掌中', '掌中宝', '铁板掌中宝']"